  Determining projects to restore...
  All projects are up-to-date for restore.
/Users/mistial/Projects/Gp4Net/src/Gp4Net/Constants/TlvConstants.cs(33,59): warning CS1570: XML comment has badly formed XML -- 'Whitespace is not allowed at this location.' [/Users/mistial/Projects/Gp4Net/src/Gp4Net/Gp4Net.csproj]
/Users/mistial/Projects/Gp4Net/src/Gp4Net/Cryptography/IKeyDerivationService.cs(14,7): warning CS1570: XML comment has badly formed XML -- 'End tag 'summary' does not match the start tag 'T'.' [/Users/mistial/Projects/Gp4Net/src/Gp4Net/Gp4Net.csproj]
/Users/mistial/Projects/Gp4Net/src/Gp4Net/Constants/TlvConstants.cs(38,61): warning CS1570: XML comment has badly formed XML -- 'Whitespace is not allowed at this location.' [/Users/mistial/Projects/Gp4Net/src/Gp4Net/Gp4Net.csproj]
/Users/mistial/Projects/Gp4Net/src/Gp4Net/Constants/TlvConstants.cs(43,69): warning CS1570: XML comment has badly formed XML -- 'Whitespace is not allowed at this location.' [/Users/mistial/Projects/Gp4Net/src/Gp4Net/Gp4Net.csproj]
/Users/mistial/Projects/Gp4Net/src/Gp4Net/Constants/TlvConstants.cs(48,61): warning CS1570: XML comment has badly formed XML -- 'Whitespace is not allowed at this location.' [/Users/mistial/Projects/Gp4Net/src/Gp4Net/Gp4Net.csproj]
/Users/mistial/Projects/Gp4Net/src/Gp4Net/Cryptography/IKeyDerivationService.cs(15,1): warning CS1570: XML comment has badly formed XML -- 'Expected an end tag for element 'T'.' [/Users/mistial/Projects/Gp4Net/src/Gp4Net/Gp4Net.csproj]
/Users/mistial/Projects/Gp4Net/src/Gp4Net/Cryptography/IKeyDerivationService.cs(15,1): warning CS1570: XML comment has badly formed XML -- 'Expected an end tag for element 'summary'.' [/Users/mistial/Projects/Gp4Net/src/Gp4Net/Gp4Net.csproj]
/Users/mistial/Projects/Gp4Net/src/Gp4Net/Cryptography/IKeyDerivationService.cs(36,7): warning CS1570: XML comment has badly formed XML -- 'End tag 'summary' does not match the start tag 'T'.' [/Users/mistial/Projects/Gp4Net/src/Gp4Net/Gp4Net.csproj]
/Users/mistial/Projects/Gp4Net/src/Gp4Net/Cryptography/IKeyDerivationService.cs(37,1): warning CS1570: XML comment has badly formed XML -- 'Expected an end tag for element 'summary'.' [/Users/mistial/Projects/Gp4Net/src/Gp4Net/Gp4Net.csproj]
/Users/mistial/Projects/Gp4Net/src/Gp4Net/Cryptography/DeleteTokenCalculator.cs(26,15): warning CS8632: The annotation for nullable reference types should only be used in code within a '#nullable' annotations context. [/Users/mistial/Projects/Gp4Net/src/Gp4Net/Gp4Net.csproj]
/Users/mistial/Projects/Gp4Net/src/Gp4Net/Core/SmartCardError.cs(13,14): warning CS8632: The annotation for nullable reference types should only be used in code within a '#nullable' annotations context. [/Users/mistial/Projects/Gp4Net/src/Gp4Net/Gp4Net.csproj]
/Users/mistial/Projects/Gp4Net/src/Gp4Net/Core/SmartCardError.cs(14,40): warning CS8632: The annotation for nullable reference types should only be used in code within a '#nullable' annotations context. [/Users/mistial/Projects/Gp4Net/src/Gp4Net/Gp4Net.csproj]
/Users/mistial/Projects/Gp4Net/src/Gp4Net/Domain/ApplicationInfo.cs(14,11): warning CS8632: The annotation for nullable reference types should only be used in code within a '#nullable' annotations context. [/Users/mistial/Projects/Gp4Net/src/Gp4Net/Gp4Net.csproj]
/Users/mistial/Projects/Gp4Net/src/Gp4Net/Domain/ApplicationInfo.cs(15,11): warning CS8632: The annotation for nullable reference types should only be used in code within a '#nullable' annotations context. [/Users/mistial/Projects/Gp4Net/src/Gp4Net/Gp4Net.csproj]
/Users/mistial/Projects/Gp4Net/src/Gp4Net/Services/GlobalPlatformService.cs(110,23): warning CS8632: The annotation for nullable reference types should only be used in code within a '#nullable' annotations context. [/Users/mistial/Projects/Gp4Net/src/Gp4Net/Gp4Net.csproj]
/Users/mistial/Projects/Gp4Net/src/Gp4Net/Services/GlobalPlatformService.cs(484,26): warning CS8632: The annotation for nullable reference types should only be used in code within a '#nullable' annotations context. [/Users/mistial/Projects/Gp4Net/src/Gp4Net/Gp4Net.csproj]
/Users/mistial/Projects/Gp4Net/src/Gp4Net/Pipeline/CommandPipeline.cs(19,46): warning CS8632: The annotation for nullable reference types should only be used in code within a '#nullable' annotations context. [/Users/mistial/Projects/Gp4Net/src/Gp4Net/Gp4Net.csproj]
/Users/mistial/Projects/Gp4Net/src/Gp4Net/Services/IGlobalPlatformService.cs(59,23): warning CS8632: The annotation for nullable reference types should only be used in code within a '#nullable' annotations context. [/Users/mistial/Projects/Gp4Net/src/Gp4Net/Gp4Net.csproj]
/Users/mistial/Projects/Gp4Net/src/Gp4Net/Services/GlobalPlatformService.cs(30,52): warning CS8632: The annotation for nullable reference types should only be used in code within a '#nullable' annotations context. [/Users/mistial/Projects/Gp4Net/src/Gp4Net/Gp4Net.csproj]
/Users/mistial/Projects/Gp4Net/src/Gp4Net/Core/Asn1/KnownOids.cs(33,25): warning CS8632: The annotation for nullable reference types should only be used in code within a '#nullable' annotations context. [/Users/mistial/Projects/Gp4Net/src/Gp4Net/Gp4Net.csproj]
/Users/mistial/Projects/Gp4Net/src/Gp4Net/Domain/CapFile/CapFileLoadingWorkflow.cs(90,15): warning CS8632: The annotation for nullable reference types should only be used in code within a '#nullable' annotations context. [/Users/mistial/Projects/Gp4Net/src/Gp4Net/Gp4Net.csproj]
/Users/mistial/Projects/Gp4Net/src/Gp4Net/Domain/CapFile/CapFileLoadingWorkflow.cs(248,22): warning CS8632: The annotation for nullable reference types should only be used in code within a '#nullable' annotations context. [/Users/mistial/Projects/Gp4Net/src/Gp4Net/Gp4Net.csproj]
/Users/mistial/Projects/Gp4Net/src/Gp4Net/Domain/CapFile/CapFileLoadingWorkflow.cs(32,22): warning CS8632: The annotation for nullable reference types should only be used in code within a '#nullable' annotations context. [/Users/mistial/Projects/Gp4Net/src/Gp4Net/Gp4Net.csproj]
/Users/mistial/Projects/Gp4Net/src/Gp4Net/Pipeline/CommandPipeline.cs(24,78): warning CS8632: The annotation for nullable reference types should only be used in code within a '#nullable' annotations context. [/Users/mistial/Projects/Gp4Net/src/Gp4Net/Gp4Net.csproj]
/Users/mistial/Projects/Gp4Net/src/Gp4Net/Services/GlobalPlatformService.cs(38,39): warning CS8632: The annotation for nullable reference types should only be used in code within a '#nullable' annotations context. [/Users/mistial/Projects/Gp4Net/src/Gp4Net/Gp4Net.csproj]
/Users/mistial/Projects/Gp4Net/src/Gp4Net/Domain/CapFile/CapFileLoadingWorkflow.cs(42,22): warning CS8632: The annotation for nullable reference types should only be used in code within a '#nullable' annotations context. [/Users/mistial/Projects/Gp4Net/src/Gp4Net/Gp4Net.csproj]
/Users/mistial/Projects/Gp4Net/src/Gp4Net/Domain/CapFile/CapFileLoadingWorkflow.cs(59,19): warning CS8632: The annotation for nullable reference types should only be used in code within a '#nullable' annotations context. [/Users/mistial/Projects/Gp4Net/src/Gp4Net/Gp4Net.csproj]
/Users/mistial/Projects/Gp4Net/src/Gp4Net/Domain/CapFile/CapFileLoadingWorkflow.cs(60,26): warning CS8632: The annotation for nullable reference types should only be used in code within a '#nullable' annotations context. [/Users/mistial/Projects/Gp4Net/src/Gp4Net/Gp4Net.csproj]
/Users/mistial/Projects/Gp4Net/src/Gp4Net/Domain/CapFile/CapFileLoadingWorkflow.cs(61,19): warning CS8632: The annotation for nullable reference types should only be used in code within a '#nullable' annotations context. [/Users/mistial/Projects/Gp4Net/src/Gp4Net/Gp4Net.csproj]
/Users/mistial/Projects/Gp4Net/src/Gp4Net/Domain/CapFile/CapFileLoadingWorkflow.cs(62,26): warning CS8632: The annotation for nullable reference types should only be used in code within a '#nullable' annotations context. [/Users/mistial/Projects/Gp4Net/src/Gp4Net/Gp4Net.csproj]
/Users/mistial/Projects/Gp4Net/src/Gp4Net/Domain/CardInfo/CardCapabilities.cs(38,36): warning CS8632: The annotation for nullable reference types should only be used in code within a '#nullable' annotations context. [/Users/mistial/Projects/Gp4Net/src/Gp4Net/Gp4Net.csproj]
/Users/mistial/Projects/Gp4Net/src/Gp4Net/Domain/CardInfo/CardCapabilities.cs(43,33): warning CS8632: The annotation for nullable reference types should only be used in code within a '#nullable' annotations context. [/Users/mistial/Projects/Gp4Net/src/Gp4Net/Gp4Net.csproj]
/Users/mistial/Projects/Gp4Net/src/Gp4Net/Domain/CardInfo/CardCapabilities.cs(48,31): warning CS8632: The annotation for nullable reference types should only be used in code within a '#nullable' annotations context. [/Users/mistial/Projects/Gp4Net/src/Gp4Net/Gp4Net.csproj]
/Users/mistial/Projects/Gp4Net/src/Gp4Net/Core/SmartCardError.cs(29,78): warning CS8632: The annotation for nullable reference types should only be used in code within a '#nullable' annotations context. [/Users/mistial/Projects/Gp4Net/src/Gp4Net/Gp4Net.csproj]
/Users/mistial/Projects/Gp4Net/src/Gp4Net/Core/SmartCardError.cs(191,75): warning CS8632: The annotation for nullable reference types should only be used in code within a '#nullable' annotations context. [/Users/mistial/Projects/Gp4Net/src/Gp4Net/Gp4Net.csproj]
/Users/mistial/Projects/Gp4Net/src/Gp4Net/Domain/Commands/DeleteCommand.cs(455,31): warning CS8632: The annotation for nullable reference types should only be used in code within a '#nullable' annotations context. [/Users/mistial/Projects/Gp4Net/src/Gp4Net/Gp4Net.csproj]
/Users/mistial/Projects/Gp4Net/src/Gp4Net/Domain/DataObjects/CardCapabilitiesCodec.cs(246,18): warning CS8632: The annotation for nullable reference types should only be used in code within a '#nullable' annotations context. [/Users/mistial/Projects/Gp4Net/src/Gp4Net/Gp4Net.csproj]
/Users/mistial/Projects/Gp4Net/src/Gp4Net/Domain/DataObjects/CardCapabilitiesCodec.cs(251,18): warning CS8632: The annotation for nullable reference types should only be used in code within a '#nullable' annotations context. [/Users/mistial/Projects/Gp4Net/src/Gp4Net/Gp4Net.csproj]
/Users/mistial/Projects/Gp4Net/src/Gp4Net/Domain/DataObjects/CardCapabilitiesCodec.cs(266,18): warning CS8632: The annotation for nullable reference types should only be used in code within a '#nullable' annotations context. [/Users/mistial/Projects/Gp4Net/src/Gp4Net/Gp4Net.csproj]
/Users/mistial/Projects/Gp4Net/src/Gp4Net/Domain/DataObjects/CardCapabilitiesCodec.cs(271,18): warning CS8632: The annotation for nullable reference types should only be used in code within a '#nullable' annotations context. [/Users/mistial/Projects/Gp4Net/src/Gp4Net/Gp4Net.csproj]
/Users/mistial/Projects/Gp4Net/src/Gp4Net/Transport/BaseApduCommand.cs(26,27): warning CS8632: The annotation for nullable reference types should only be used in code within a '#nullable' annotations context. [/Users/mistial/Projects/Gp4Net/src/Gp4Net/Gp4Net.csproj]
/Users/mistial/Projects/Gp4Net/src/Gp4Net/Cryptography/ICryptoService.cs(75,11): warning CS8632: The annotation for nullable reference types should only be used in code within a '#nullable' annotations context. [/Users/mistial/Projects/Gp4Net/src/Gp4Net/Gp4Net.csproj]
/Users/mistial/Projects/Gp4Net/src/Gp4Net/Domain/CapFile/CapFileLoadingWorkflow.cs(314,18): warning CS8632: The annotation for nullable reference types should only be used in code within a '#nullable' annotations context. [/Users/mistial/Projects/Gp4Net/src/Gp4Net/Gp4Net.csproj]
/Users/mistial/Projects/Gp4Net/src/Gp4Net/Domain/CapFile/CapFileLoadingWorkflow.cs(319,28): warning CS8632: The annotation for nullable reference types should only be used in code within a '#nullable' annotations context. [/Users/mistial/Projects/Gp4Net/src/Gp4Net/Gp4Net.csproj]
/Users/mistial/Projects/Gp4Net/src/Gp4Net/Domain/CapFile/CapFileLoadingWorkflow.cs(329,15): warning CS8632: The annotation for nullable reference types should only be used in code within a '#nullable' annotations context. [/Users/mistial/Projects/Gp4Net/src/Gp4Net/Gp4Net.csproj]
/Users/mistial/Projects/Gp4Net/src/Gp4Net/Domain/CapFile/CapFileLoadingWorkflow.cs(330,25): warning CS8632: The annotation for nullable reference types should only be used in code within a '#nullable' annotations context. [/Users/mistial/Projects/Gp4Net/src/Gp4Net/Gp4Net.csproj]
/Users/mistial/Projects/Gp4Net/src/Gp4Net/Domain/Commands/ExternalAuthenticateCommand.cs(159,27): warning CS8632: The annotation for nullable reference types should only be used in code within a '#nullable' annotations context. [/Users/mistial/Projects/Gp4Net/src/Gp4Net/Gp4Net.csproj]
/Users/mistial/Projects/Gp4Net/src/Gp4Net/Cryptography/ICryptoService.cs(162,18): warning CS8632: The annotation for nullable reference types should only be used in code within a '#nullable' annotations context. [/Users/mistial/Projects/Gp4Net/src/Gp4Net/Gp4Net.csproj]
/Users/mistial/Projects/Gp4Net/src/Gp4Net/Transport/IApduTransport.cs(100,11): warning CS8632: The annotation for nullable reference types should only be used in code within a '#nullable' annotations context. [/Users/mistial/Projects/Gp4Net/src/Gp4Net/Gp4Net.csproj]
/Users/mistial/Projects/Gp4Net/src/Gp4Net/Services/IGlobalPlatformService.cs(123,11): warning CS8632: The annotation for nullable reference types should only be used in code within a '#nullable' annotations context. [/Users/mistial/Projects/Gp4Net/src/Gp4Net/Gp4Net.csproj]
/Users/mistial/Projects/Gp4Net/src/Gp4Net/Cryptography/ICryptoService.cs(185,15): warning CS8632: The annotation for nullable reference types should only be used in code within a '#nullable' annotations context. [/Users/mistial/Projects/Gp4Net/src/Gp4Net/Gp4Net.csproj]
/Users/mistial/Projects/Gp4Net/src/Gp4Net/Domain/CapFile/CapFileStructure.cs(113,24): warning CS8632: The annotation for nullable reference types should only be used in code within a '#nullable' annotations context. [/Users/mistial/Projects/Gp4Net/src/Gp4Net/Gp4Net.csproj]
/Users/mistial/Projects/Gp4Net/src/Gp4Net/Pipeline/CommandPipeline.cs(147,66): warning CS8632: The annotation for nullable reference types should only be used in code within a '#nullable' annotations context. [/Users/mistial/Projects/Gp4Net/src/Gp4Net/Gp4Net.csproj]
/Users/mistial/Projects/Gp4Net/src/Gp4Net/Domain/CapFile/CapFileStructure.cs(140,21): warning CS8632: The annotation for nullable reference types should only be used in code within a '#nullable' annotations context. [/Users/mistial/Projects/Gp4Net/src/Gp4Net/Gp4Net.csproj]
/Users/mistial/Projects/Gp4Net/src/Gp4Net/Cryptography/IMacService.cs(52,11): warning CS8632: The annotation for nullable reference types should only be used in code within a '#nullable' annotations context. [/Users/mistial/Projects/Gp4Net/src/Gp4Net/Gp4Net.csproj]
/Users/mistial/Projects/Gp4Net/src/Gp4Net/Cryptography/IMacService.cs(57,11): warning CS8632: The annotation for nullable reference types should only be used in code within a '#nullable' annotations context. [/Users/mistial/Projects/Gp4Net/src/Gp4Net/Gp4Net.csproj]
/Users/mistial/Projects/Gp4Net/src/Gp4Net/Core/Tlv/TlvParser.cs(20,28): warning CS8632: The annotation for nullable reference types should only be used in code within a '#nullable' annotations context. [/Users/mistial/Projects/Gp4Net/src/Gp4Net/Gp4Net.csproj]
/Users/mistial/Projects/Gp4Net/src/Gp4Net/Core/Tlv/TlvParser.cs(37,28): warning CS8632: The annotation for nullable reference types should only be used in code within a '#nullable' annotations context. [/Users/mistial/Projects/Gp4Net/src/Gp4Net/Gp4Net.csproj]
/Users/mistial/Projects/Gp4Net/src/Gp4Net/Cryptography/IMacService.cs(139,18): warning CS8632: The annotation for nullable reference types should only be used in code within a '#nullable' annotations context. [/Users/mistial/Projects/Gp4Net/src/Gp4Net/Gp4Net.csproj]
/Users/mistial/Projects/Gp4Net/src/Gp4Net/Core/Tlv/TlvParser.cs(116,28): warning CS8632: The annotation for nullable reference types should only be used in code within a '#nullable' annotations context. [/Users/mistial/Projects/Gp4Net/src/Gp4Net/Gp4Net.csproj]
/Users/mistial/Projects/Gp4Net/src/Gp4Net/Cryptography/IMacService.cs(142,18): warning CS8632: The annotation for nullable reference types should only be used in code within a '#nullable' annotations context. [/Users/mistial/Projects/Gp4Net/src/Gp4Net/Gp4Net.csproj]
/Users/mistial/Projects/Gp4Net/src/Gp4Net/Core/Tlv/TlvParser.cs(133,28): warning CS8632: The annotation for nullable reference types should only be used in code within a '#nullable' annotations context. [/Users/mistial/Projects/Gp4Net/src/Gp4Net/Gp4Net.csproj]
/Users/mistial/Projects/Gp4Net/src/Gp4Net/Core/Tlv/TlvParser.cs(144,28): warning CS8632: The annotation for nullable reference types should only be used in code within a '#nullable' annotations context. [/Users/mistial/Projects/Gp4Net/src/Gp4Net/Gp4Net.csproj]
/Users/mistial/Projects/Gp4Net/src/Gp4Net/Core/Tlv/TlvParser.cs(152,26): warning CS8632: The annotation for nullable reference types should only be used in code within a '#nullable' annotations context. [/Users/mistial/Projects/Gp4Net/src/Gp4Net/Gp4Net.csproj]
/Users/mistial/Projects/Gp4Net/src/Gp4Net/Cryptography/IMacService.cs(156,15): warning CS8632: The annotation for nullable reference types should only be used in code within a '#nullable' annotations context. [/Users/mistial/Projects/Gp4Net/src/Gp4Net/Gp4Net.csproj]
/Users/mistial/Projects/Gp4Net/src/Gp4Net/Cryptography/IMacService.cs(157,15): warning CS8632: The annotation for nullable reference types should only be used in code within a '#nullable' annotations context. [/Users/mistial/Projects/Gp4Net/src/Gp4Net/Gp4Net.csproj]
/Users/mistial/Projects/Gp4Net/src/Gp4Net/Domain/DataObjects/SecurityDomainInfoCodec.cs(224,18): warning CS8632: The annotation for nullable reference types should only be used in code within a '#nullable' annotations context. [/Users/mistial/Projects/Gp4Net/src/Gp4Net/Gp4Net.csproj]
/Users/mistial/Projects/Gp4Net/src/Gp4Net/Domain/DataObjects/SecurityDomainInfoCodec.cs(229,18): warning CS8632: The annotation for nullable reference types should only be used in code within a '#nullable' annotations context. [/Users/mistial/Projects/Gp4Net/src/Gp4Net/Gp4Net.csproj]
/Users/mistial/Projects/Gp4Net/src/Gp4Net/Domain/DataObjects/SecurityDomainInfoCodec.cs(234,18): warning CS8632: The annotation for nullable reference types should only be used in code within a '#nullable' annotations context. [/Users/mistial/Projects/Gp4Net/src/Gp4Net/Gp4Net.csproj]
/Users/mistial/Projects/Gp4Net/src/Gp4Net/Domain/DataObjects/SecurityDomainInfoCodec.cs(239,18): warning CS8632: The annotation for nullable reference types should only be used in code within a '#nullable' annotations context. [/Users/mistial/Projects/Gp4Net/src/Gp4Net/Gp4Net.csproj]
/Users/mistial/Projects/Gp4Net/src/Gp4Net/Domain/OpenPhysical/OpenPhysicalId.cs(59,64): warning CS8632: The annotation for nullable reference types should only be used in code within a '#nullable' annotations context. [/Users/mistial/Projects/Gp4Net/src/Gp4Net/Gp4Net.csproj]
/Users/mistial/Projects/Gp4Net/src/Gp4Net/Domain/OpenPhysical/OpenPhysicalId.cs(118,27): warning CS8632: The annotation for nullable reference types should only be used in code within a '#nullable' annotations context. [/Users/mistial/Projects/Gp4Net/src/Gp4Net/Gp4Net.csproj]
/Users/mistial/Projects/Gp4Net/src/Gp4Net/Domain/OpenPhysical/OpenPhysicalId.cs(218,39): warning CS8632: The annotation for nullable reference types should only be used in code within a '#nullable' annotations context. [/Users/mistial/Projects/Gp4Net/src/Gp4Net/Gp4Net.csproj]
/Users/mistial/Projects/Gp4Net/src/Gp4Net/Services/ISmartCardService.cs(73,32): warning CS8632: The annotation for nullable reference types should only be used in code within a '#nullable' annotations context. [/Users/mistial/Projects/Gp4Net/src/Gp4Net/Gp4Net.csproj]
/Users/mistial/Projects/Gp4Net/src/Gp4Net/Services/ISmartCardService.cs(105,32): warning CS8632: The annotation for nullable reference types should only be used in code within a '#nullable' annotations context. [/Users/mistial/Projects/Gp4Net/src/Gp4Net/Gp4Net.csproj]
/Users/mistial/Projects/Gp4Net/src/Gp4Net/Services/ISmartCardService.cs(110,28): warning CS8632: The annotation for nullable reference types should only be used in code within a '#nullable' annotations context. [/Users/mistial/Projects/Gp4Net/src/Gp4Net/Gp4Net.csproj]
/Users/mistial/Projects/Gp4Net/src/Gp4Net/Pipeline/CommandRequest.cs(12,19): warning CS8632: The annotation for nullable reference types should only be used in code within a '#nullable' annotations context. [/Users/mistial/Projects/Gp4Net/src/Gp4Net/Gp4Net.csproj]
/Users/mistial/Projects/Gp4Net/src/Gp4Net/Domain/OpenPhysical/OpidValidator.cs(200,18): warning CS8632: The annotation for nullable reference types should only be used in code within a '#nullable' annotations context. [/Users/mistial/Projects/Gp4Net/src/Gp4Net/Gp4Net.csproj]
/Users/mistial/Projects/Gp4Net/src/Gp4Net/Domain/OpenPhysical/OpidValidator.cs(202,54): warning CS8632: The annotation for nullable reference types should only be used in code within a '#nullable' annotations context. [/Users/mistial/Projects/Gp4Net/src/Gp4Net/Gp4Net.csproj]
/Users/mistial/Projects/Gp4Net/src/Gp4Net/Domain/CardInfo/CardDataInfo.cs(44,19): warning CS8632: The annotation for nullable reference types should only be used in code within a '#nullable' annotations context. [/Users/mistial/Projects/Gp4Net/src/Gp4Net/Gp4Net.csproj]
/Users/mistial/Projects/Gp4Net/src/Gp4Net/Domain/Keys/CryptogramService.cs(24,56): warning CS8632: The annotation for nullable reference types should only be used in code within a '#nullable' annotations context. [/Users/mistial/Projects/Gp4Net/src/Gp4Net/Gp4Net.csproj]
/Users/mistial/Projects/Gp4Net/src/Gp4Net/Domain/CardInfo/CardDataInfo.cs(53,18): warning CS8632: The annotation for nullable reference types should only be used in code within a '#nullable' annotations context. [/Users/mistial/Projects/Gp4Net/src/Gp4Net/Gp4Net.csproj]
/Users/mistial/Projects/Gp4Net/src/Gp4Net/Domain/CardInfo/CardDataInfo.cs(60,18): warning CS8632: The annotation for nullable reference types should only be used in code within a '#nullable' annotations context. [/Users/mistial/Projects/Gp4Net/src/Gp4Net/Gp4Net.csproj]
/Users/mistial/Projects/Gp4Net/src/Gp4Net/Domain/CardInfo/CardDataInfo.cs(69,18): warning CS8632: The annotation for nullable reference types should only be used in code within a '#nullable' annotations context. [/Users/mistial/Projects/Gp4Net/src/Gp4Net/Gp4Net.csproj]
/Users/mistial/Projects/Gp4Net/src/Gp4Net/Services/PackageRegistry.cs(40,58): warning CS8632: The annotation for nullable reference types should only be used in code within a '#nullable' annotations context. [/Users/mistial/Projects/Gp4Net/src/Gp4Net/Gp4Net.csproj]
/Users/mistial/Projects/Gp4Net/src/Gp4Net/Services/PackageRegistry.cs(52,61): warning CS8632: The annotation for nullable reference types should only be used in code within a '#nullable' annotations context. [/Users/mistial/Projects/Gp4Net/src/Gp4Net/Gp4Net.csproj]
/Users/mistial/Projects/Gp4Net/src/Gp4Net/Domain/CardInfo/CardDataInfo.cs(97,18): warning CS8632: The annotation for nullable reference types should only be used in code within a '#nullable' annotations context. [/Users/mistial/Projects/Gp4Net/src/Gp4Net/Gp4Net.csproj]
/Users/mistial/Projects/Gp4Net/src/Gp4Net/Domain/CardInfo/CardDataInfo.cs(212,27): warning CS8632: The annotation for nullable reference types should only be used in code within a '#nullable' annotations context. [/Users/mistial/Projects/Gp4Net/src/Gp4Net/Gp4Net.csproj]
/Users/mistial/Projects/Gp4Net/src/Gp4Net/Domain/Commands/GetDataCommand.cs(202,11): warning CS8632: The annotation for nullable reference types should only be used in code within a '#nullable' annotations context. [/Users/mistial/Projects/Gp4Net/src/Gp4Net/Gp4Net.csproj]
/Users/mistial/Projects/Gp4Net/src/Gp4Net/Services/PackageRegistry.cs(137,48): warning CS8632: The annotation for nullable reference types should only be used in code within a '#nullable' annotations context. [/Users/mistial/Projects/Gp4Net/src/Gp4Net/Gp4Net.csproj]
/Users/mistial/Projects/Gp4Net/src/Gp4Net/Services/PackageRegistry.cs(142,22): warning CS8632: The annotation for nullable reference types should only be used in code within a '#nullable' annotations context. [/Users/mistial/Projects/Gp4Net/src/Gp4Net/Gp4Net.csproj]
/Users/mistial/Projects/Gp4Net/src/Gp4Net/Services/PackageRegistry.cs(143,22): warning CS8632: The annotation for nullable reference types should only be used in code within a '#nullable' annotations context. [/Users/mistial/Projects/Gp4Net/src/Gp4Net/Gp4Net.csproj]
/Users/mistial/Projects/Gp4Net/src/Gp4Net/Services/PackageRegistry.cs(144,22): warning CS8632: The annotation for nullable reference types should only be used in code within a '#nullable' annotations context. [/Users/mistial/Projects/Gp4Net/src/Gp4Net/Gp4Net.csproj]
/Users/mistial/Projects/Gp4Net/src/Gp4Net/Domain/Commands/DeleteCommand.cs(77,18): warning CS8632: The annotation for nullable reference types should only be used in code within a '#nullable' annotations context. [/Users/mistial/Projects/Gp4Net/src/Gp4Net/Gp4Net.csproj]
/Users/mistial/Projects/Gp4Net/src/Gp4Net/Services/PackageRegistry.cs(147,22): warning CS8632: The annotation for nullable reference types should only be used in code within a '#nullable' annotations context. [/Users/mistial/Projects/Gp4Net/src/Gp4Net/Gp4Net.csproj]
/Users/mistial/Projects/Gp4Net/src/Gp4Net/Domain/Commands/DeleteCommand.cs(82,18): warning CS8632: The annotation for nullable reference types should only be used in code within a '#nullable' annotations context. [/Users/mistial/Projects/Gp4Net/src/Gp4Net/Gp4Net.csproj]
/Users/mistial/Projects/Gp4Net/src/Gp4Net/Services/PackageRegistry.cs(148,22): warning CS8632: The annotation for nullable reference types should only be used in code within a '#nullable' annotations context. [/Users/mistial/Projects/Gp4Net/src/Gp4Net/Gp4Net.csproj]
/Users/mistial/Projects/Gp4Net/src/Gp4Net/Domain/Commands/DeleteCommand.cs(107,18): warning CS8632: The annotation for nullable reference types should only be used in code within a '#nullable' annotations context. [/Users/mistial/Projects/Gp4Net/src/Gp4Net/Gp4Net.csproj]
/Users/mistial/Projects/Gp4Net/src/Gp4Net/Domain/Results.cs(18,11): warning CS8632: The annotation for nullable reference types should only be used in code within a '#nullable' annotations context. [/Users/mistial/Projects/Gp4Net/src/Gp4Net/Gp4Net.csproj]
/Users/mistial/Projects/Gp4Net/src/Gp4Net/Domain/Results.cs(19,26): warning CS8632: The annotation for nullable reference types should only be used in code within a '#nullable' annotations context. [/Users/mistial/Projects/Gp4Net/src/Gp4Net/Gp4Net.csproj]
/Users/mistial/Projects/Gp4Net/src/Gp4Net/Domain/CardInfo/GlobalPlatformOids.cs(64,25): warning CS8632: The annotation for nullable reference types should only be used in code within a '#nullable' annotations context. [/Users/mistial/Projects/Gp4Net/src/Gp4Net/Gp4Net.csproj]
/Users/mistial/Projects/Gp4Net/src/Gp4Net/Domain/CardInfo/GlobalPlatformOids.cs(89,25): warning CS8632: The annotation for nullable reference types should only be used in code within a '#nullable' annotations context. [/Users/mistial/Projects/Gp4Net/src/Gp4Net/Gp4Net.csproj]
/Users/mistial/Projects/Gp4Net/src/Gp4Net/Domain/CardInfo/GlobalPlatformOids.cs(123,43): warning CS8632: The annotation for nullable reference types should only be used in code within a '#nullable' annotations context. [/Users/mistial/Projects/Gp4Net/src/Gp4Net/Gp4Net.csproj]
/Users/mistial/Projects/Gp4Net/src/Gp4Net/Domain/CardInfo/GlobalPlatformOids.cs(123,25): warning CS8632: The annotation for nullable reference types should only be used in code within a '#nullable' annotations context. [/Users/mistial/Projects/Gp4Net/src/Gp4Net/Gp4Net.csproj]
/Users/mistial/Projects/Gp4Net/src/Gp4Net/Domain/Commands/DeleteCommand.cs(219,15): warning CS8632: The annotation for nullable reference types should only be used in code within a '#nullable' annotations context. [/Users/mistial/Projects/Gp4Net/src/Gp4Net/Gp4Net.csproj]
/Users/mistial/Projects/Gp4Net/src/Gp4Net/Domain/Commands/DeleteCommand.cs(247,15): warning CS8632: The annotation for nullable reference types should only be used in code within a '#nullable' annotations context. [/Users/mistial/Projects/Gp4Net/src/Gp4Net/Gp4Net.csproj]
/Users/mistial/Projects/Gp4Net/src/Gp4Net/Domain/Commands/DeleteCommand.cs(275,15): warning CS8632: The annotation for nullable reference types should only be used in code within a '#nullable' annotations context. [/Users/mistial/Projects/Gp4Net/src/Gp4Net/Gp4Net.csproj]
/Users/mistial/Projects/Gp4Net/src/Gp4Net/Domain/Results.cs(24,63): warning CS8632: The annotation for nullable reference types should only be used in code within a '#nullable' annotations context. [/Users/mistial/Projects/Gp4Net/src/Gp4Net/Gp4Net.csproj]
/Users/mistial/Projects/Gp4Net/src/Gp4Net/Domain/Commands/DeleteCommand.cs(303,15): warning CS8632: The annotation for nullable reference types should only be used in code within a '#nullable' annotations context. [/Users/mistial/Projects/Gp4Net/src/Gp4Net/Gp4Net.csproj]
/Users/mistial/Projects/Gp4Net/src/Gp4Net/Domain/Commands/DeleteCommand.cs(340,15): warning CS8632: The annotation for nullable reference types should only be used in code within a '#nullable' annotations context. [/Users/mistial/Projects/Gp4Net/src/Gp4Net/Gp4Net.csproj]
/Users/mistial/Projects/Gp4Net/src/Gp4Net/Services/ServiceFactory.cs(161,63): warning CS8632: The annotation for nullable reference types should only be used in code within a '#nullable' annotations context. [/Users/mistial/Projects/Gp4Net/src/Gp4Net/Gp4Net.csproj]
/Users/mistial/Projects/Gp4Net/src/Gp4Net/Services/ServiceFactory.cs(166,87): warning CS8632: The annotation for nullable reference types should only be used in code within a '#nullable' annotations context. [/Users/mistial/Projects/Gp4Net/src/Gp4Net/Gp4Net.csproj]
/Users/mistial/Projects/Gp4Net/src/Gp4Net/Domain/Results.cs(39,11): warning CS8632: The annotation for nullable reference types should only be used in code within a '#nullable' annotations context. [/Users/mistial/Projects/Gp4Net/src/Gp4Net/Gp4Net.csproj]
/Users/mistial/Projects/Gp4Net/src/Gp4Net/Domain/Results.cs(40,26): warning CS8632: The annotation for nullable reference types should only be used in code within a '#nullable' annotations context. [/Users/mistial/Projects/Gp4Net/src/Gp4Net/Gp4Net.csproj]
/Users/mistial/Projects/Gp4Net/src/Gp4Net/Domain/Results.cs(45,61): warning CS8632: The annotation for nullable reference types should only be used in code within a '#nullable' annotations context. [/Users/mistial/Projects/Gp4Net/src/Gp4Net/Gp4Net.csproj]
/Users/mistial/Projects/Gp4Net/src/Gp4Net/Pipeline/CommandResponse.cs(15,40): warning CS8632: The annotation for nullable reference types should only be used in code within a '#nullable' annotations context. [/Users/mistial/Projects/Gp4Net/src/Gp4Net/Gp4Net.csproj]
/Users/mistial/Projects/Gp4Net/src/Gp4Net/Services/SmartCardService.cs(140,32): warning CS8632: The annotation for nullable reference types should only be used in code within a '#nullable' annotations context. [/Users/mistial/Projects/Gp4Net/src/Gp4Net/Gp4Net.csproj]
/Users/mistial/Projects/Gp4Net/src/Gp4Net/Transport/T0ApduTransport.cs(226,22): warning CS8632: The annotation for nullable reference types should only be used in code within a '#nullable' annotations context. [/Users/mistial/Projects/Gp4Net/src/Gp4Net/Gp4Net.csproj]
/Users/mistial/Projects/Gp4Net/src/Gp4Net/Pipeline/CommandResponse.cs(26,15): warning CS8632: The annotation for nullable reference types should only be used in code within a '#nullable' annotations context. [/Users/mistial/Projects/Gp4Net/src/Gp4Net/Gp4Net.csproj]
/Users/mistial/Projects/Gp4Net/src/Gp4Net/Pipeline/CommandResponse.cs(27,25): warning CS8632: The annotation for nullable reference types should only be used in code within a '#nullable' annotations context. [/Users/mistial/Projects/Gp4Net/src/Gp4Net/Gp4Net.csproj]
/Users/mistial/Projects/Gp4Net/src/Gp4Net/Pipeline/CommandResponse.cs(28,44): warning CS8632: The annotation for nullable reference types should only be used in code within a '#nullable' annotations context. [/Users/mistial/Projects/Gp4Net/src/Gp4Net/Gp4Net.csproj]
/Users/mistial/Projects/Gp4Net/src/Gp4Net/Pipeline/CommandResponse.cs(40,25): warning CS8632: The annotation for nullable reference types should only be used in code within a '#nullable' annotations context. [/Users/mistial/Projects/Gp4Net/src/Gp4Net/Gp4Net.csproj]
/Users/mistial/Projects/Gp4Net/src/Gp4Net/Pipeline/CommandResponse.cs(41,44): warning CS8632: The annotation for nullable reference types should only be used in code within a '#nullable' annotations context. [/Users/mistial/Projects/Gp4Net/src/Gp4Net/Gp4Net.csproj]
/Users/mistial/Projects/Gp4Net/src/Gp4Net/Domain/Commands/DeleteCommand.cs(198,15): warning CS8632: The annotation for nullable reference types should only be used in code within a '#nullable' annotations context. [/Users/mistial/Projects/Gp4Net/src/Gp4Net/Gp4Net.csproj]
/Users/mistial/Projects/Gp4Net/src/Gp4Net/Domain/Commands/DeleteCommand.cs(199,15): warning CS8632: The annotation for nullable reference types should only be used in code within a '#nullable' annotations context. [/Users/mistial/Projects/Gp4Net/src/Gp4Net/Gp4Net.csproj]
/Users/mistial/Projects/Gp4Net/src/Gp4Net/Services/SmartCardService.cs(20,47): warning CS8632: The annotation for nullable reference types should only be used in code within a '#nullable' annotations context. [/Users/mistial/Projects/Gp4Net/src/Gp4Net/Gp4Net.csproj]
/Users/mistial/Projects/Gp4Net/src/Gp4Net/Services/SmartCardService.cs(30,34): warning CS8632: The annotation for nullable reference types should only be used in code within a '#nullable' annotations context. [/Users/mistial/Projects/Gp4Net/src/Gp4Net/Gp4Net.csproj]
/Users/mistial/Projects/Gp4Net/src/Gp4Net/Services/SmartCardService.cs(123,36): warning CS8632: The annotation for nullable reference types should only be used in code within a '#nullable' annotations context. [/Users/mistial/Projects/Gp4Net/src/Gp4Net/Gp4Net.csproj]
/Users/mistial/Projects/Gp4Net/src/Gp4Net/Services/SmartCardService.cs(124,38): warning CS8632: The annotation for nullable reference types should only be used in code within a '#nullable' annotations context. [/Users/mistial/Projects/Gp4Net/src/Gp4Net/Gp4Net.csproj]
/Users/mistial/Projects/Gp4Net/src/Gp4Net/Services/SmartCardService.cs(130,23): warning CS8632: The annotation for nullable reference types should only be used in code within a '#nullable' annotations context. [/Users/mistial/Projects/Gp4Net/src/Gp4Net/Gp4Net.csproj]
/Users/mistial/Projects/Gp4Net/src/Gp4Net/Services/SmartCardService.cs(131,25): warning CS8632: The annotation for nullable reference types should only be used in code within a '#nullable' annotations context. [/Users/mistial/Projects/Gp4Net/src/Gp4Net/Gp4Net.csproj]
/Users/mistial/Projects/Gp4Net/src/Gp4Net/Domain/CapFile/CapFileStructure.cs(791,18): warning CS8632: The annotation for nullable reference types should only be used in code within a '#nullable' annotations context. [/Users/mistial/Projects/Gp4Net/src/Gp4Net/Gp4Net.csproj]
/Users/mistial/Projects/Gp4Net/src/Gp4Net/Domain/CapFile/CapFileStructure.cs(796,18): warning CS8632: The annotation for nullable reference types should only be used in code within a '#nullable' annotations context. [/Users/mistial/Projects/Gp4Net/src/Gp4Net/Gp4Net.csproj]
/Users/mistial/Projects/Gp4Net/src/Gp4Net/Domain/CapFile/CapFileStructure.cs(801,18): warning CS8632: The annotation for nullable reference types should only be used in code within a '#nullable' annotations context. [/Users/mistial/Projects/Gp4Net/src/Gp4Net/Gp4Net.csproj]
/Users/mistial/Projects/Gp4Net/src/Gp4Net/Domain/CapFile/CapFileStructure.cs(806,18): warning CS8632: The annotation for nullable reference types should only be used in code within a '#nullable' annotations context. [/Users/mistial/Projects/Gp4Net/src/Gp4Net/Gp4Net.csproj]
/Users/mistial/Projects/Gp4Net/src/Gp4Net/Domain/CapFile/CapFileStructure.cs(811,18): warning CS8632: The annotation for nullable reference types should only be used in code within a '#nullable' annotations context. [/Users/mistial/Projects/Gp4Net/src/Gp4Net/Gp4Net.csproj]
/Users/mistial/Projects/Gp4Net/src/Gp4Net/Domain/Commands/GetDataCommand.cs(232,21): warning CS8632: The annotation for nullable reference types should only be used in code within a '#nullable' annotations context. [/Users/mistial/Projects/Gp4Net/src/Gp4Net/Gp4Net.csproj]
/Users/mistial/Projects/Gp4Net/src/Gp4Net/Domain/Commands/GetDataCommand.cs(290,20): warning CS8632: The annotation for nullable reference types should only be used in code within a '#nullable' annotations context. [/Users/mistial/Projects/Gp4Net/src/Gp4Net/Gp4Net.csproj]
/Users/mistial/Projects/Gp4Net/src/Gp4Net/Domain/CapFile/CapFileStructure.cs(827,15): warning CS8632: The annotation for nullable reference types should only be used in code within a '#nullable' annotations context. [/Users/mistial/Projects/Gp4Net/src/Gp4Net/Gp4Net.csproj]
/Users/mistial/Projects/Gp4Net/src/Gp4Net/Domain/CapFile/CapFileStructure.cs(828,15): warning CS8632: The annotation for nullable reference types should only be used in code within a '#nullable' annotations context. [/Users/mistial/Projects/Gp4Net/src/Gp4Net/Gp4Net.csproj]
/Users/mistial/Projects/Gp4Net/src/Gp4Net/Domain/CapFile/CapFileStructure.cs(829,15): warning CS8632: The annotation for nullable reference types should only be used in code within a '#nullable' annotations context. [/Users/mistial/Projects/Gp4Net/src/Gp4Net/Gp4Net.csproj]
/Users/mistial/Projects/Gp4Net/src/Gp4Net/Domain/CapFile/CapFileStructure.cs(830,15): warning CS8632: The annotation for nullable reference types should only be used in code within a '#nullable' annotations context. [/Users/mistial/Projects/Gp4Net/src/Gp4Net/Gp4Net.csproj]
/Users/mistial/Projects/Gp4Net/src/Gp4Net/Domain/CapFile/CapFileStructure.cs(831,15): warning CS8632: The annotation for nullable reference types should only be used in code within a '#nullable' annotations context. [/Users/mistial/Projects/Gp4Net/src/Gp4Net/Gp4Net.csproj]
/Users/mistial/Projects/Gp4Net/src/Gp4Net/Domain/CapFile/CapFileStructure.cs(832,31): warning CS8632: The annotation for nullable reference types should only be used in code within a '#nullable' annotations context. [/Users/mistial/Projects/Gp4Net/src/Gp4Net/Gp4Net.csproj]
/Users/mistial/Projects/Gp4Net/src/Gp4Net/Domain/Commands/GetDataCommand.cs(319,24): warning CS8632: The annotation for nullable reference types should only be used in code within a '#nullable' annotations context. [/Users/mistial/Projects/Gp4Net/src/Gp4Net/Gp4Net.csproj]
/Users/mistial/Projects/Gp4Net/src/Gp4Net/Domain/Commands/GetDataCommand.cs(347,28): warning CS8632: The annotation for nullable reference types should only be used in code within a '#nullable' annotations context. [/Users/mistial/Projects/Gp4Net/src/Gp4Net/Gp4Net.csproj]
/Users/mistial/Projects/Gp4Net/src/Gp4Net/Domain/Commands/GetStatusCommand.cs(81,18): warning CS8632: The annotation for nullable reference types should only be used in code within a '#nullable' annotations context. [/Users/mistial/Projects/Gp4Net/src/Gp4Net/Gp4Net.csproj]
/Users/mistial/Projects/Gp4Net/src/Gp4Net/Domain/Commands/GetStatusCommand.cs(106,18): warning CS8632: The annotation for nullable reference types should only be used in code within a '#nullable' annotations context. [/Users/mistial/Projects/Gp4Net/src/Gp4Net/Gp4Net.csproj]
/Users/mistial/Projects/Gp4Net/src/Gp4Net/Domain/Commands/GetDataCommand.cs(409,34): warning CS8632: The annotation for nullable reference types should only be used in code within a '#nullable' annotations context. [/Users/mistial/Projects/Gp4Net/src/Gp4Net/Gp4Net.csproj]
/Users/mistial/Projects/Gp4Net/src/Gp4Net/Domain/Commands/GetDataCommand.cs(248,18): warning CS8632: The annotation for nullable reference types should only be used in code within a '#nullable' annotations context. [/Users/mistial/Projects/Gp4Net/src/Gp4Net/Gp4Net.csproj]
/Users/mistial/Projects/Gp4Net/src/Gp4Net/Domain/Commands/GetStatusCommand.cs(145,15): warning CS8632: The annotation for nullable reference types should only be used in code within a '#nullable' annotations context. [/Users/mistial/Projects/Gp4Net/src/Gp4Net/Gp4Net.csproj]
/Users/mistial/Projects/Gp4Net/src/Gp4Net/Domain/Commands/GetDataResponseExtensions.cs(17,31): warning CS8632: The annotation for nullable reference types should only be used in code within a '#nullable' annotations context. [/Users/mistial/Projects/Gp4Net/src/Gp4Net/Gp4Net.csproj]
/Users/mistial/Projects/Gp4Net/src/Gp4Net/Domain/Commands/GetStatusCommand.cs(127,15): warning CS8632: The annotation for nullable reference types should only be used in code within a '#nullable' annotations context. [/Users/mistial/Projects/Gp4Net/src/Gp4Net/Gp4Net.csproj]
/Users/mistial/Projects/Gp4Net/src/Gp4Net/Domain/Commands/GetDataResponseExtensions.cs(51,35): warning CS8632: The annotation for nullable reference types should only be used in code within a '#nullable' annotations context. [/Users/mistial/Projects/Gp4Net/src/Gp4Net/Gp4Net.csproj]
/Users/mistial/Projects/Gp4Net/src/Gp4Net/Domain/Commands/GetDataResponseExtensions.cs(93,41): warning CS8632: The annotation for nullable reference types should only be used in code within a '#nullable' annotations context. [/Users/mistial/Projects/Gp4Net/src/Gp4Net/Gp4Net.csproj]
/Users/mistial/Projects/Gp4Net/src/Gp4Net/Domain/Commands/GetDataResponseExtensions.cs(131,27): warning CS8632: The annotation for nullable reference types should only be used in code within a '#nullable' annotations context. [/Users/mistial/Projects/Gp4Net/src/Gp4Net/Gp4Net.csproj]
/Users/mistial/Projects/Gp4Net/src/Gp4Net/Pipeline/CommandPipeline.cs(83,38): warning CS8632: The annotation for nullable reference types should only be used in code within a '#nullable' annotations context. [/Users/mistial/Projects/Gp4Net/src/Gp4Net/Gp4Net.csproj]
/Users/mistial/Projects/Gp4Net/src/Gp4Net/Domain/Keys/KeyDerivationService.cs(31,62): warning CS8632: The annotation for nullable reference types should only be used in code within a '#nullable' annotations context. [/Users/mistial/Projects/Gp4Net/src/Gp4Net/Gp4Net.csproj]
/Users/mistial/Projects/Gp4Net/src/Gp4Net/Pipeline/CommandPipeline.cs(84,46): warning CS8632: The annotation for nullable reference types should only be used in code within a '#nullable' annotations context. [/Users/mistial/Projects/Gp4Net/src/Gp4Net/Gp4Net.csproj]
/Users/mistial/Projects/Gp4Net/src/Gp4Net/Pipeline/CommandPipeline.cs(89,51): warning CS8632: The annotation for nullable reference types should only be used in code within a '#nullable' annotations context. [/Users/mistial/Projects/Gp4Net/src/Gp4Net/Gp4Net.csproj]
/Users/mistial/Projects/Gp4Net/src/Gp4Net/Pipeline/ImmutablePipelineContext.cs(107,39): warning CS8632: The annotation for nullable reference types should only be used in code within a '#nullable' annotations context. [/Users/mistial/Projects/Gp4Net/src/Gp4Net/Gp4Net.csproj]
/Users/mistial/Projects/Gp4Net/src/Gp4Net/Domain/Keys/KeyManagementConfiguration.cs(138,35): warning CS8632: The annotation for nullable reference types should only be used in code within a '#nullable' annotations context. [/Users/mistial/Projects/Gp4Net/src/Gp4Net/Gp4Net.csproj]
/Users/mistial/Projects/Gp4Net/src/Gp4Net/Transport/TClApduTransport.cs(106,22): warning CS8632: The annotation for nullable reference types should only be used in code within a '#nullable' annotations context. [/Users/mistial/Projects/Gp4Net/src/Gp4Net/Gp4Net.csproj]
/Users/mistial/Projects/Gp4Net/src/Gp4Net/Domain/Protocol/IScpProtocol.cs(106,15): warning CS8632: The annotation for nullable reference types should only be used in code within a '#nullable' annotations context. [/Users/mistial/Projects/Gp4Net/src/Gp4Net/Gp4Net.csproj]
/Users/mistial/Projects/Gp4Net/src/Gp4Net/Domain/Commands/ICommandBuilder.cs(204,55): warning CS8632: The annotation for nullable reference types should only be used in code within a '#nullable' annotations context. [/Users/mistial/Projects/Gp4Net/src/Gp4Net/Gp4Net.csproj]
/Users/mistial/Projects/Gp4Net/src/Gp4Net/Domain/Commands/ICommandBuilder.cs(176,55): warning CS8632: The annotation for nullable reference types should only be used in code within a '#nullable' annotations context. [/Users/mistial/Projects/Gp4Net/src/Gp4Net/Gp4Net.csproj]
/Users/mistial/Projects/Gp4Net/src/Gp4Net/Domain/Commands/InitializeUpdateCommand.cs(79,27): warning CS8632: The annotation for nullable reference types should only be used in code within a '#nullable' annotations context. [/Users/mistial/Projects/Gp4Net/src/Gp4Net/Gp4Net.csproj]
/Users/mistial/Projects/Gp4Net/src/Gp4Net/Domain/Commands/ICommandBuilder.cs(261,56): warning CS8632: The annotation for nullable reference types should only be used in code within a '#nullable' annotations context. [/Users/mistial/Projects/Gp4Net/src/Gp4Net/Gp4Net.csproj]
/Users/mistial/Projects/Gp4Net/src/Gp4Net/Pipeline/Middleware/LoggingMiddleware.cs(23,79): warning CS8632: The annotation for nullable reference types should only be used in code within a '#nullable' annotations context. [/Users/mistial/Projects/Gp4Net/src/Gp4Net/Gp4Net.csproj]
/Users/mistial/Projects/Gp4Net/src/Gp4Net/Domain/Commands/InitializeUpdateCommand.cs(203,18): warning CS8632: The annotation for nullable reference types should only be used in code within a '#nullable' annotations context. [/Users/mistial/Projects/Gp4Net/src/Gp4Net/Gp4Net.csproj]
/Users/mistial/Projects/Gp4Net/src/Gp4Net/Domain/Commands/InitializeUpdateCommand.cs(364,15): warning CS8632: The annotation for nullable reference types should only be used in code within a '#nullable' annotations context. [/Users/mistial/Projects/Gp4Net/src/Gp4Net/Gp4Net.csproj]
/Users/mistial/Projects/Gp4Net/src/Gp4Net/Domain/Commands/InstallCommand.cs(502,15): warning CS8632: The annotation for nullable reference types should only be used in code within a '#nullable' annotations context. [/Users/mistial/Projects/Gp4Net/src/Gp4Net/Gp4Net.csproj]
/Users/mistial/Projects/Gp4Net/src/Gp4Net/Domain/Commands/InstallCommand.cs(503,15): warning CS8632: The annotation for nullable reference types should only be used in code within a '#nullable' annotations context. [/Users/mistial/Projects/Gp4Net/src/Gp4Net/Gp4Net.csproj]
/Users/mistial/Projects/Gp4Net/src/Gp4Net/Domain/Commands/InstallCommand.cs(505,15): warning CS8632: The annotation for nullable reference types should only be used in code within a '#nullable' annotations context. [/Users/mistial/Projects/Gp4Net/src/Gp4Net/Gp4Net.csproj]
/Users/mistial/Projects/Gp4Net/src/Gp4Net/Domain/Commands/InstallCommand.cs(586,56): warning CS8632: The annotation for nullable reference types should only be used in code within a '#nullable' annotations context. [/Users/mistial/Projects/Gp4Net/src/Gp4Net/Gp4Net.csproj]
/Users/mistial/Projects/Gp4Net/src/Gp4Net/Domain/Commands/InstallCommand.cs(528,15): warning CS8632: The annotation for nullable reference types should only be used in code within a '#nullable' annotations context. [/Users/mistial/Projects/Gp4Net/src/Gp4Net/Gp4Net.csproj]
/Users/mistial/Projects/Gp4Net/src/Gp4Net/Domain/Commands/InstallCommand.cs(529,15): warning CS8632: The annotation for nullable reference types should only be used in code within a '#nullable' annotations context. [/Users/mistial/Projects/Gp4Net/src/Gp4Net/Gp4Net.csproj]
/Users/mistial/Projects/Gp4Net/src/Gp4Net/Domain/Commands/InstallCommand.cs(530,15): warning CS8632: The annotation for nullable reference types should only be used in code within a '#nullable' annotations context. [/Users/mistial/Projects/Gp4Net/src/Gp4Net/Gp4Net.csproj]
/Users/mistial/Projects/Gp4Net/src/Gp4Net/Domain/Commands/InstallCommand.cs(531,15): warning CS8632: The annotation for nullable reference types should only be used in code within a '#nullable' annotations context. [/Users/mistial/Projects/Gp4Net/src/Gp4Net/Gp4Net.csproj]
/Users/mistial/Projects/Gp4Net/src/Gp4Net/Domain/Commands/InstallCommand.cs(592,75): warning CS8632: The annotation for nullable reference types should only be used in code within a '#nullable' annotations context. [/Users/mistial/Projects/Gp4Net/src/Gp4Net/Gp4Net.csproj]
/Users/mistial/Projects/Gp4Net/src/Gp4Net/Domain/Commands/InstallCommand.cs(555,15): warning CS8632: The annotation for nullable reference types should only be used in code within a '#nullable' annotations context. [/Users/mistial/Projects/Gp4Net/src/Gp4Net/Gp4Net.csproj]
/Users/mistial/Projects/Gp4Net/src/Gp4Net/Domain/Commands/InstallCommand.cs(556,15): warning CS8632: The annotation for nullable reference types should only be used in code within a '#nullable' annotations context. [/Users/mistial/Projects/Gp4Net/src/Gp4Net/Gp4Net.csproj]
/Users/mistial/Projects/Gp4Net/src/Gp4Net/Domain/Commands/InstallCommand.cs(557,15): warning CS8632: The annotation for nullable reference types should only be used in code within a '#nullable' annotations context. [/Users/mistial/Projects/Gp4Net/src/Gp4Net/Gp4Net.csproj]
/Users/mistial/Projects/Gp4Net/src/Gp4Net/Domain/Commands/InstallCommand.cs(558,15): warning CS8632: The annotation for nullable reference types should only be used in code within a '#nullable' annotations context. [/Users/mistial/Projects/Gp4Net/src/Gp4Net/Gp4Net.csproj]
/Users/mistial/Projects/Gp4Net/src/Gp4Net/Domain/Keys/MacService.cs(26,42): warning CS8632: The annotation for nullable reference types should only be used in code within a '#nullable' annotations context. [/Users/mistial/Projects/Gp4Net/src/Gp4Net/Gp4Net.csproj]
/Users/mistial/Projects/Gp4Net/src/Gp4Net/Domain/Keys/SecureKeyStorage.cs(32,19): warning CS8632: The annotation for nullable reference types should only be used in code within a '#nullable' annotations context. [/Users/mistial/Projects/Gp4Net/src/Gp4Net/Gp4Net.csproj]
/Users/mistial/Projects/Gp4Net/src/Gp4Net/Domain/Commands/InstallCommand.cs(72,92): warning CS8632: The annotation for nullable reference types should only be used in code within a '#nullable' annotations context. [/Users/mistial/Projects/Gp4Net/src/Gp4Net/Gp4Net.csproj]
/Users/mistial/Projects/Gp4Net/src/Gp4Net/Domain/Commands/PutKeyCommand.cs(112,18): warning CS8632: The annotation for nullable reference types should only be used in code within a '#nullable' annotations context. [/Users/mistial/Projects/Gp4Net/src/Gp4Net/Gp4Net.csproj]
/Users/mistial/Projects/Gp4Net/src/Gp4Net/Domain/Keys/SecureKeyStorage.cs(234,37): warning CS8632: The annotation for nullable reference types should only be used in code within a '#nullable' annotations context. [/Users/mistial/Projects/Gp4Net/src/Gp4Net/Gp4Net.csproj]
/Users/mistial/Projects/Gp4Net/src/Gp4Net/Domain/Commands/LoadCommand.cs(103,11): warning CS8632: The annotation for nullable reference types should only be used in code within a '#nullable' annotations context. [/Users/mistial/Projects/Gp4Net/src/Gp4Net/Gp4Net.csproj]
/Users/mistial/Projects/Gp4Net/src/Gp4Net/Domain/Keys/SecureKeyStorage.cs(146,38): warning CS8632: The annotation for nullable reference types should only be used in code within a '#nullable' annotations context. [/Users/mistial/Projects/Gp4Net/src/Gp4Net/Gp4Net.csproj]
/Users/mistial/Projects/Gp4Net/src/Gp4Net/Domain/Keys/SecureKeyStorage.cs(156,76): warning CS8632: The annotation for nullable reference types should only be used in code within a '#nullable' annotations context. [/Users/mistial/Projects/Gp4Net/src/Gp4Net/Gp4Net.csproj]
/Users/mistial/Projects/Gp4Net/src/Gp4Net/Domain/Keys/SessionKeys.cs(50,18): warning CS8632: The annotation for nullable reference types should only be used in code within a '#nullable' annotations context. [/Users/mistial/Projects/Gp4Net/src/Gp4Net/Gp4Net.csproj]
/Users/mistial/Projects/Gp4Net/src/Gp4Net/Domain/Commands/InstallCommand.cs(142,19): warning CS8632: The annotation for nullable reference types should only be used in code within a '#nullable' annotations context. [/Users/mistial/Projects/Gp4Net/src/Gp4Net/Gp4Net.csproj]
/Users/mistial/Projects/Gp4Net/src/Gp4Net/Domain/Commands/InstallCommand.cs(143,19): warning CS8632: The annotation for nullable reference types should only be used in code within a '#nullable' annotations context. [/Users/mistial/Projects/Gp4Net/src/Gp4Net/Gp4Net.csproj]
/Users/mistial/Projects/Gp4Net/src/Gp4Net/Domain/Commands/InstallCommand.cs(144,19): warning CS8632: The annotation for nullable reference types should only be used in code within a '#nullable' annotations context. [/Users/mistial/Projects/Gp4Net/src/Gp4Net/Gp4Net.csproj]
/Users/mistial/Projects/Gp4Net/src/Gp4Net/Domain/Keys/SessionKeys.cs(61,70): warning CS8632: The annotation for nullable reference types should only be used in code within a '#nullable' annotations context. [/Users/mistial/Projects/Gp4Net/src/Gp4Net/Gp4Net.csproj]
/Users/mistial/Projects/Gp4Net/src/Gp4Net/Domain/Commands/RMacSessionCommands.cs(58,18): warning CS8632: The annotation for nullable reference types should only be used in code within a '#nullable' annotations context. [/Users/mistial/Projects/Gp4Net/src/Gp4Net/Gp4Net.csproj]
/Users/mistial/Projects/Gp4Net/src/Gp4Net/Domain/Commands/RMacSessionCommands.cs(63,18): warning CS8632: The annotation for nullable reference types should only be used in code within a '#nullable' annotations context. [/Users/mistial/Projects/Gp4Net/src/Gp4Net/Gp4Net.csproj]
/Users/mistial/Projects/Gp4Net/src/Gp4Net/Domain/Commands/RMacSessionCommands.cs(124,15): warning CS8632: The annotation for nullable reference types should only be used in code within a '#nullable' annotations context. [/Users/mistial/Projects/Gp4Net/src/Gp4Net/Gp4Net.csproj]
/Users/mistial/Projects/Gp4Net/src/Gp4Net/Domain/Commands/RMacSessionCommands.cs(125,15): warning CS8632: The annotation for nullable reference types should only be used in code within a '#nullable' annotations context. [/Users/mistial/Projects/Gp4Net/src/Gp4Net/Gp4Net.csproj]
/Users/mistial/Projects/Gp4Net/src/Gp4Net/Domain/Commands/RMacSessionCommands.cs(196,18): warning CS8632: The annotation for nullable reference types should only be used in code within a '#nullable' annotations context. [/Users/mistial/Projects/Gp4Net/src/Gp4Net/Gp4Net.csproj]
/Users/mistial/Projects/Gp4Net/src/Gp4Net/Pipeline/Middleware/SecureChannelMiddleware.cs(19,54): warning CS8632: The annotation for nullable reference types should only be used in code within a '#nullable' annotations context. [/Users/mistial/Projects/Gp4Net/src/Gp4Net/Gp4Net.csproj]
/Users/mistial/Projects/Gp4Net/src/Gp4Net/Domain/Commands/RMacSessionCommands.cs(245,15): warning CS8632: The annotation for nullable reference types should only be used in code within a '#nullable' annotations context. [/Users/mistial/Projects/Gp4Net/src/Gp4Net/Gp4Net.csproj]
/Users/mistial/Projects/Gp4Net/src/Gp4Net/Domain/Commands/RMacSessionCommands.cs(72,62): warning CS8632: The annotation for nullable reference types should only be used in code within a '#nullable' annotations context. [/Users/mistial/Projects/Gp4Net/src/Gp4Net/Gp4Net.csproj]
/Users/mistial/Projects/Gp4Net/src/Gp4Net/Domain/Commands/RMacSessionCommands.cs(72,83): warning CS8632: The annotation for nullable reference types should only be used in code within a '#nullable' annotations context. [/Users/mistial/Projects/Gp4Net/src/Gp4Net/Gp4Net.csproj]
/Users/mistial/Projects/Gp4Net/src/Gp4Net/Pipeline/Middleware/SecureChannelMiddleware.cs(24,68): warning CS8632: The annotation for nullable reference types should only be used in code within a '#nullable' annotations context. [/Users/mistial/Projects/Gp4Net/src/Gp4Net/Gp4Net.csproj]
/Users/mistial/Projects/Gp4Net/src/Gp4Net/Domain/Commands/PutKeyCommand.cs(304,18): warning CS8632: The annotation for nullable reference types should only be used in code within a '#nullable' annotations context. [/Users/mistial/Projects/Gp4Net/src/Gp4Net/Gp4Net.csproj]
/Users/mistial/Projects/Gp4Net/src/Gp4Net/Domain/Commands/RMacSessionCommands.cs(204,60): warning CS8632: The annotation for nullable reference types should only be used in code within a '#nullable' annotations context. [/Users/mistial/Projects/Gp4Net/src/Gp4Net/Gp4Net.csproj]
/Users/mistial/Projects/Gp4Net/src/Gp4Net/Domain/Commands/PutKeyCommand.cs(344,92): warning CS8632: The annotation for nullable reference types should only be used in code within a '#nullable' annotations context. [/Users/mistial/Projects/Gp4Net/src/Gp4Net/Gp4Net.csproj]
/Users/mistial/Projects/Gp4Net/src/Gp4Net/Domain/Commands/PutKeyCommand.cs(372,15): warning CS8632: The annotation for nullable reference types should only be used in code within a '#nullable' annotations context. [/Users/mistial/Projects/Gp4Net/src/Gp4Net/Gp4Net.csproj]
/Users/mistial/Projects/Gp4Net/src/Gp4Net/Domain/Commands/PutKeyCommand.cs(401,15): warning CS8632: The annotation for nullable reference types should only be used in code within a '#nullable' annotations context. [/Users/mistial/Projects/Gp4Net/src/Gp4Net/Gp4Net.csproj]
/Users/mistial/Projects/Gp4Net/src/Gp4Net/Domain/Commands/PutKeyCommand.cs(428,95): warning CS8632: The annotation for nullable reference types should only be used in code within a '#nullable' annotations context. [/Users/mistial/Projects/Gp4Net/src/Gp4Net/Gp4Net.csproj]
/Users/mistial/Projects/Gp4Net/src/Gp4Net/Pipeline/Middleware/SecureChannelMiddleware.cs(195,22): warning CS8632: The annotation for nullable reference types should only be used in code within a '#nullable' annotations context. [/Users/mistial/Projects/Gp4Net/src/Gp4Net/Gp4Net.csproj]
/Users/mistial/Projects/Gp4Net/src/Gp4Net/Domain/Commands/PutKeyCommand.cs(454,95): warning CS8632: The annotation for nullable reference types should only be used in code within a '#nullable' annotations context. [/Users/mistial/Projects/Gp4Net/src/Gp4Net/Gp4Net.csproj]
/Users/mistial/Projects/Gp4Net/src/Gp4Net/Domain/Commands/PutKeyCommand.cs(480,95): warning CS8632: The annotation for nullable reference types should only be used in code within a '#nullable' annotations context. [/Users/mistial/Projects/Gp4Net/src/Gp4Net/Gp4Net.csproj]
/Users/mistial/Projects/Gp4Net/src/Gp4Net/Domain/Protocol/Scp02ProtocolImpl.cs(85,15): warning CS8632: The annotation for nullable reference types should only be used in code within a '#nullable' annotations context. [/Users/mistial/Projects/Gp4Net/src/Gp4Net/Gp4Net.csproj]
/Users/mistial/Projects/Gp4Net/src/Gp4Net/Domain/Commands/PutKeyCommand.cs(312,60): warning CS8632: The annotation for nullable reference types should only be used in code within a '#nullable' annotations context. [/Users/mistial/Projects/Gp4Net/src/Gp4Net/Gp4Net.csproj]
/Users/mistial/Projects/Gp4Net/src/Gp4Net/Pipeline/Middleware/StateCapturingMiddleware.cs(161,26): warning CS8632: The annotation for nullable reference types should only be used in code within a '#nullable' annotations context. [/Users/mistial/Projects/Gp4Net/src/Gp4Net/Gp4Net.csproj]
/Users/mistial/Projects/Gp4Net/src/Gp4Net/Pipeline/Middleware/StateCapturingMiddleware.cs(16,55): warning CS8632: The annotation for nullable reference types should only be used in code within a '#nullable' annotations context. [/Users/mistial/Projects/Gp4Net/src/Gp4Net/Gp4Net.csproj]
/Users/mistial/Projects/Gp4Net/src/Gp4Net/Domain/Security/MacOperations.cs(88,15): warning CS8632: The annotation for nullable reference types should only be used in code within a '#nullable' annotations context. [/Users/mistial/Projects/Gp4Net/src/Gp4Net/Gp4Net.csproj]
/Users/mistial/Projects/Gp4Net/src/Gp4Net/Domain/Commands/SelectCommand.cs(188,27): warning CS8632: The annotation for nullable reference types should only be used in code within a '#nullable' annotations context. [/Users/mistial/Projects/Gp4Net/src/Gp4Net/Gp4Net.csproj]
/Users/mistial/Projects/Gp4Net/src/Gp4Net/Pipeline/Middleware/StateCapturingMiddleware.cs(21,70): warning CS8632: The annotation for nullable reference types should only be used in code within a '#nullable' annotations context. [/Users/mistial/Projects/Gp4Net/src/Gp4Net/Gp4Net.csproj]
/Users/mistial/Projects/Gp4Net/src/Gp4Net/Domain/Commands/SelectCommand.cs(312,34): warning CS8632: The annotation for nullable reference types should only be used in code within a '#nullable' annotations context. [/Users/mistial/Projects/Gp4Net/src/Gp4Net/Gp4Net.csproj]
/Users/mistial/Projects/Gp4Net/src/Gp4Net/Domain/Commands/SelectCommand.cs(375,42): warning CS8632: The annotation for nullable reference types should only be used in code within a '#nullable' annotations context. [/Users/mistial/Projects/Gp4Net/src/Gp4Net/Gp4Net.csproj]
/Users/mistial/Projects/Gp4Net/src/Gp4Net/Domain/Commands/SelectCommand.cs(466,19): warning CS8632: The annotation for nullable reference types should only be used in code within a '#nullable' annotations context. [/Users/mistial/Projects/Gp4Net/src/Gp4Net/Gp4Net.csproj]
/Users/mistial/Projects/Gp4Net/src/Gp4Net/Domain/Commands/SelectCommand.cs(467,19): warning CS8632: The annotation for nullable reference types should only be used in code within a '#nullable' annotations context. [/Users/mistial/Projects/Gp4Net/src/Gp4Net/Gp4Net.csproj]
/Users/mistial/Projects/Gp4Net/src/Gp4Net/Domain/Commands/SelectCommand.cs(468,19): warning CS8632: The annotation for nullable reference types should only be used in code within a '#nullable' annotations context. [/Users/mistial/Projects/Gp4Net/src/Gp4Net/Gp4Net.csproj]
/Users/mistial/Projects/Gp4Net/src/Gp4Net/Domain/Commands/SelectCommand.cs(324,65): warning CS8632: The annotation for nullable reference types should only be used in code within a '#nullable' annotations context. [/Users/mistial/Projects/Gp4Net/src/Gp4Net/Gp4Net.csproj]
/Users/mistial/Projects/Gp4Net/src/Gp4Net/Domain/Commands/InstallCommand.cs(320,19): warning CS8632: The annotation for nullable reference types should only be used in code within a '#nullable' annotations context. [/Users/mistial/Projects/Gp4Net/src/Gp4Net/Gp4Net.csproj]
/Users/mistial/Projects/Gp4Net/src/Gp4Net/Domain/Commands/InstallCommand.cs(321,19): warning CS8632: The annotation for nullable reference types should only be used in code within a '#nullable' annotations context. [/Users/mistial/Projects/Gp4Net/src/Gp4Net/Gp4Net.csproj]
/Users/mistial/Projects/Gp4Net/src/Gp4Net/Domain/Commands/InstallCommand.cs(366,19): warning CS8632: The annotation for nullable reference types should only be used in code within a '#nullable' annotations context. [/Users/mistial/Projects/Gp4Net/src/Gp4Net/Gp4Net.csproj]
/Users/mistial/Projects/Gp4Net/src/Gp4Net/Domain/Commands/InstallCommand.cs(367,19): warning CS8632: The annotation for nullable reference types should only be used in code within a '#nullable' annotations context. [/Users/mistial/Projects/Gp4Net/src/Gp4Net/Gp4Net.csproj]
/Users/mistial/Projects/Gp4Net/src/Gp4Net/Pipeline/Middleware/TransportMiddleware.cs(20,50): warning CS8632: The annotation for nullable reference types should only be used in code within a '#nullable' annotations context. [/Users/mistial/Projects/Gp4Net/src/Gp4Net/Gp4Net.csproj]
/Users/mistial/Projects/Gp4Net/src/Gp4Net/Pipeline/Middleware/TransportMiddleware.cs(25,86): warning CS8632: The annotation for nullable reference types should only be used in code within a '#nullable' annotations context. [/Users/mistial/Projects/Gp4Net/src/Gp4Net/Gp4Net.csproj]
/Users/mistial/Projects/Gp4Net/src/Gp4Net/Domain/Protocol/Scp03Protocol.cs(367,17): warning CS0108: 'Scp03Protocol.VerifyCardCryptogram(InitializeUpdateResponse, byte[], SessionKeys)' hides inherited member 'SecureChannelProtocolBase.VerifyCardCryptogram(InitializeUpdateResponse, byte[], SessionKeys)'. Use the new keyword if hiding was intended. [/Users/mistial/Projects/Gp4Net/src/Gp4Net/Gp4Net.csproj]
/Users/mistial/Projects/Gp4Net/src/Gp4Net/Domain/Commands/StoreDataCommand.cs(110,18): warning CS8632: The annotation for nullable reference types should only be used in code within a '#nullable' annotations context. [/Users/mistial/Projects/Gp4Net/src/Gp4Net/Gp4Net.csproj]
/Users/mistial/Projects/Gp4Net/src/Gp4Net/Domain/Protocol/Scp03ProtocolImpl.cs(80,15): warning CS8632: The annotation for nullable reference types should only be used in code within a '#nullable' annotations context. [/Users/mistial/Projects/Gp4Net/src/Gp4Net/Gp4Net.csproj]
/Users/mistial/Projects/Gp4Net/src/Gp4Net/Domain/Protocol/ScpCommonOperations.cs(27,53): warning CS8632: The annotation for nullable reference types should only be used in code within a '#nullable' annotations context. [/Users/mistial/Projects/Gp4Net/src/Gp4Net/Gp4Net.csproj]
/Users/mistial/Projects/Gp4Net/src/Gp4Net/Domain/Commands/SelectCommand.cs(221,18): warning CS8632: The annotation for nullable reference types should only be used in code within a '#nullable' annotations context. [/Users/mistial/Projects/Gp4Net/src/Gp4Net/Gp4Net.csproj]
/Users/mistial/Projects/Gp4Net/src/Gp4Net/Domain/Commands/SelectCommand.cs(226,18): warning CS8632: The annotation for nullable reference types should only be used in code within a '#nullable' annotations context. [/Users/mistial/Projects/Gp4Net/src/Gp4Net/Gp4Net.csproj]
/Users/mistial/Projects/Gp4Net/src/Gp4Net/Domain/Commands/SelectCommand.cs(246,18): warning CS8632: The annotation for nullable reference types should only be used in code within a '#nullable' annotations context. [/Users/mistial/Projects/Gp4Net/src/Gp4Net/Gp4Net.csproj]
/Users/mistial/Projects/Gp4Net/src/Gp4Net/Domain/Commands/SelectCommand.cs(251,18): warning CS8632: The annotation for nullable reference types should only be used in code within a '#nullable' annotations context. [/Users/mistial/Projects/Gp4Net/src/Gp4Net/Gp4Net.csproj]
/Users/mistial/Projects/Gp4Net/src/Gp4Net/Domain/Commands/SelectCommand.cs(256,18): warning CS8632: The annotation for nullable reference types should only be used in code within a '#nullable' annotations context. [/Users/mistial/Projects/Gp4Net/src/Gp4Net/Gp4Net.csproj]
/Users/mistial/Projects/Gp4Net/src/Gp4Net/Domain/Commands/SelectCommand.cs(261,18): warning CS8632: The annotation for nullable reference types should only be used in code within a '#nullable' annotations context. [/Users/mistial/Projects/Gp4Net/src/Gp4Net/Gp4Net.csproj]
/Users/mistial/Projects/Gp4Net/src/Gp4Net/Domain/Protocol/ScpCommonOperations.cs(332,56): warning CS8632: The annotation for nullable reference types should only be used in code within a '#nullable' annotations context. [/Users/mistial/Projects/Gp4Net/src/Gp4Net/Gp4Net.csproj]
/Users/mistial/Projects/Gp4Net/src/Gp4Net/Domain/Commands/SelectCommand.cs(276,15): warning CS8632: The annotation for nullable reference types should only be used in code within a '#nullable' annotations context. [/Users/mistial/Projects/Gp4Net/src/Gp4Net/Gp4Net.csproj]
/Users/mistial/Projects/Gp4Net/src/Gp4Net/Domain/Commands/SelectCommand.cs(277,15): warning CS8632: The annotation for nullable reference types should only be used in code within a '#nullable' annotations context. [/Users/mistial/Projects/Gp4Net/src/Gp4Net/Gp4Net.csproj]
/Users/mistial/Projects/Gp4Net/src/Gp4Net/Domain/Commands/SelectCommand.cs(281,15): warning CS8632: The annotation for nullable reference types should only be used in code within a '#nullable' annotations context. [/Users/mistial/Projects/Gp4Net/src/Gp4Net/Gp4Net.csproj]
/Users/mistial/Projects/Gp4Net/src/Gp4Net/Domain/Commands/SelectCommand.cs(282,15): warning CS8632: The annotation for nullable reference types should only be used in code within a '#nullable' annotations context. [/Users/mistial/Projects/Gp4Net/src/Gp4Net/Gp4Net.csproj]
/Users/mistial/Projects/Gp4Net/src/Gp4Net/Domain/Commands/SelectCommand.cs(283,15): warning CS8632: The annotation for nullable reference types should only be used in code within a '#nullable' annotations context. [/Users/mistial/Projects/Gp4Net/src/Gp4Net/Gp4Net.csproj]
/Users/mistial/Projects/Gp4Net/src/Gp4Net/Domain/Commands/SelectCommand.cs(284,15): warning CS8632: The annotation for nullable reference types should only be used in code within a '#nullable' annotations context. [/Users/mistial/Projects/Gp4Net/src/Gp4Net/Gp4Net.csproj]
/Users/mistial/Projects/Gp4Net/src/Gp4Net/Domain/CapFile/CapFileStructure.cs(858,15): warning CS8632: The annotation for nullable reference types should only be used in code within a '#nullable' annotations context. [/Users/mistial/Projects/Gp4Net/src/Gp4Net/Gp4Net.csproj]
/Users/mistial/Projects/Gp4Net/src/Gp4Net/Domain/CapFile/CapFileStructure.cs(859,15): warning CS8632: The annotation for nullable reference types should only be used in code within a '#nullable' annotations context. [/Users/mistial/Projects/Gp4Net/src/Gp4Net/Gp4Net.csproj]
/Users/mistial/Projects/Gp4Net/src/Gp4Net/Domain/Commands/SelectCommand.cs(392,19): warning CS8632: The annotation for nullable reference types should only be used in code within a '#nullable' annotations context. [/Users/mistial/Projects/Gp4Net/src/Gp4Net/Gp4Net.csproj]
/Users/mistial/Projects/Gp4Net/src/Gp4Net/Domain/Commands/SelectCommand.cs(393,19): warning CS8632: The annotation for nullable reference types should only be used in code within a '#nullable' annotations context. [/Users/mistial/Projects/Gp4Net/src/Gp4Net/Gp4Net.csproj]
/Users/mistial/Projects/Gp4Net/src/Gp4Net/Domain/Commands/SelectCommand.cs(397,19): warning CS8632: The annotation for nullable reference types should only be used in code within a '#nullable' annotations context. [/Users/mistial/Projects/Gp4Net/src/Gp4Net/Gp4Net.csproj]
/Users/mistial/Projects/Gp4Net/src/Gp4Net/Domain/Commands/SelectCommand.cs(398,19): warning CS8632: The annotation for nullable reference types should only be used in code within a '#nullable' annotations context. [/Users/mistial/Projects/Gp4Net/src/Gp4Net/Gp4Net.csproj]
/Users/mistial/Projects/Gp4Net/src/Gp4Net/Domain/Commands/SelectCommand.cs(399,19): warning CS8632: The annotation for nullable reference types should only be used in code within a '#nullable' annotations context. [/Users/mistial/Projects/Gp4Net/src/Gp4Net/Gp4Net.csproj]
/Users/mistial/Projects/Gp4Net/src/Gp4Net/Domain/Commands/SelectCommand.cs(400,19): warning CS8632: The annotation for nullable reference types should only be used in code within a '#nullable' annotations context. [/Users/mistial/Projects/Gp4Net/src/Gp4Net/Gp4Net.csproj]
/Users/mistial/Projects/Gp4Net/src/Gp4Net/Domain/DataObjects/CardCapabilitiesCodec.cs(142,34): warning CS8632: The annotation for nullable reference types should only be used in code within a '#nullable' annotations context. [/Users/mistial/Projects/Gp4Net/src/Gp4Net/Gp4Net.csproj]
/Users/mistial/Projects/Gp4Net/src/Gp4Net/Domain/DataObjects/CardCapabilitiesCodec.cs(143,39): warning CS8632: The annotation for nullable reference types should only be used in code within a '#nullable' annotations context. [/Users/mistial/Projects/Gp4Net/src/Gp4Net/Gp4Net.csproj]
/Users/mistial/Projects/Gp4Net/src/Gp4Net/Domain/CapFile/CapFileStructure.cs(240,15): warning CS8632: The annotation for nullable reference types should only be used in code within a '#nullable' annotations context. [/Users/mistial/Projects/Gp4Net/src/Gp4Net/Gp4Net.csproj]
/Users/mistial/Projects/Gp4Net/src/Gp4Net/Domain/CapFile/CapFileStructure.cs(244,21): warning CS8632: The annotation for nullable reference types should only be used in code within a '#nullable' annotations context. [/Users/mistial/Projects/Gp4Net/src/Gp4Net/Gp4Net.csproj]
/Users/mistial/Projects/Gp4Net/src/Gp4Net/Domain/Protocol/Scp02ProtocolService.cs(47,16): warning CS0618: 'CryptographicOperations.Calculate3DesMac(byte[], byte[])' is obsolete: 'Use CalculateFull3DesMac for cryptograms or CalculateRetailMac for C-MAC/R-MAC' [/Users/mistial/Projects/Gp4Net/src/Gp4Net/Gp4Net.csproj]
/Users/mistial/Projects/Gp4Net/src/Gp4Net/Domain/Protocol/Scp02ProtocolService.cs(70,16): warning CS0618: 'CryptographicOperations.Calculate3DesMac(byte[], byte[])' is obsolete: 'Use CalculateFull3DesMac for cryptograms or CalculateRetailMac for C-MAC/R-MAC' [/Users/mistial/Projects/Gp4Net/src/Gp4Net/Gp4Net.csproj]
/Users/mistial/Projects/Gp4Net/src/Gp4Net/Domain/Protocol/Scp02ProtocolService.cs(101,16): warning CS0618: 'CryptographicOperations.Calculate3DesMac(byte[], byte[])' is obsolete: 'Use CalculateFull3DesMac for cryptograms or CalculateRetailMac for C-MAC/R-MAC' [/Users/mistial/Projects/Gp4Net/src/Gp4Net/Gp4Net.csproj]
/Users/mistial/Projects/Gp4Net/src/Gp4Net/Domain/Protocol/Scp02ProtocolService.cs(314,16): warning CS0618: 'CryptographicOperations.Calculate3DesMac(byte[], byte[])' is obsolete: 'Use CalculateFull3DesMac for cryptograms or CalculateRetailMac for C-MAC/R-MAC' [/Users/mistial/Projects/Gp4Net/src/Gp4Net/Gp4Net.csproj]
/Users/mistial/Projects/Gp4Net/src/Gp4Net/Domain/Protocol/Scp02ProtocolService.cs(335,20): warning CS0618: 'CryptographicOperations.Calculate3DesMac(byte[], byte[])' is obsolete: 'Use CalculateFull3DesMac for cryptograms or CalculateRetailMac for C-MAC/R-MAC' [/Users/mistial/Projects/Gp4Net/src/Gp4Net/Gp4Net.csproj]
/Users/mistial/Projects/Gp4Net/src/Gp4Net/Domain/Commands/InitializeUpdateCommand.cs(255,15): warning CS8632: The annotation for nullable reference types should only be used in code within a '#nullable' annotations context. [/Users/mistial/Projects/Gp4Net/src/Gp4Net/Gp4Net.csproj]
/Users/mistial/Projects/Gp4Net/src/Gp4Net/Domain/Commands/DeleteCommand.cs(199,17): warning CS1573: Parameter 'deleteTokenKey' has no matching param tag in the XML comment for 'DeleteCommand.DeleteCommand(DeleteCommand.DeleteType, DeleteCommand.DeleteTarget, IList<byte[]>, byte[]?, byte[]?)' (but other parameters do) [/Users/mistial/Projects/Gp4Net/src/Gp4Net/Gp4Net.csproj]
  Gp4Net -> /Users/mistial/Projects/Gp4Net/src/Gp4Net/bin/Debug/net8.0/Gp4Net.dll
/Users/mistial/Projects/Gp4Net/tests/Gp4Net.CardEmulator/Services/VirtualCardService.cs(217,32): warning CS0618: 'BaseApduCommand.ToApdu()' is obsolete: 'Use IApduTransport.TransmitAsync instead' [/Users/mistial/Projects/Gp4Net/tests/Gp4Net.CardEmulator/Gp4Net.CardEmulator.csproj]
/Users/mistial/Projects/Gp4Net/tests/Gp4Net.CardEmulator/Functional/ICryptographicService.cs(116,19): warning CS1573: Parameter 'currentState' has no matching param tag in the XML comment for 'ICryptographicService.ApplyResponseSecurity(byte[], SessionKeys, byte[], uint, byte, byte, CardState)' (but other parameters do) [/Users/mistial/Projects/Gp4Net/tests/Gp4Net.CardEmulator/Gp4Net.CardEmulator.csproj]
  Gp4Net.CardEmulator -> /Users/mistial/Projects/Gp4Net/tests/Gp4Net.CardEmulator/bin/Debug/net8.0/Gp4Net.CardEmulator.dll
/Users/mistial/Projects/Gp4Net/src/Gp4Net.Tool/Services/LuaVirtualCardService.cs(15,68): warning CS1570: XML comment has badly formed XML -- 'Reference to undefined entity 'param'.' [/Users/mistial/Projects/Gp4Net/src/Gp4Net.Tool/Gp4Net.Tool.csproj]
/Users/mistial/Projects/Gp4Net/src/Gp4Net.Tool/Pipeline/CommandContext.cs(47,67): warning CS8632: The annotation for nullable reference types should only be used in code within a '#nullable' annotations context. [/Users/mistial/Projects/Gp4Net/src/Gp4Net.Tool/Gp4Net.Tool.csproj]
/Users/mistial/Projects/Gp4Net/src/Gp4Net.Tool/Pipeline/CommandContext.cs(91,15): warning CS8632: The annotation for nullable reference types should only be used in code within a '#nullable' annotations context. [/Users/mistial/Projects/Gp4Net/src/Gp4Net.Tool/Gp4Net.Tool.csproj]
/Users/mistial/Projects/Gp4Net/src/Gp4Net.Tool/Commands/BaseCommand.cs(233,18): warning CS8632: The annotation for nullable reference types should only be used in code within a '#nullable' annotations context. [/Users/mistial/Projects/Gp4Net/src/Gp4Net.Tool/Gp4Net.Tool.csproj]
/Users/mistial/Projects/Gp4Net/src/Gp4Net.Tool/Commands/BaseCommand.cs(264,18): warning CS8632: The annotation for nullable reference types should only be used in code within a '#nullable' annotations context. [/Users/mistial/Projects/Gp4Net/src/Gp4Net.Tool/Gp4Net.Tool.csproj]
/Users/mistial/Projects/Gp4Net/src/Gp4Net.Tool/Commands/BaseCommand.cs(273,20): warning CS8632: The annotation for nullable reference types should only be used in code within a '#nullable' annotations context. [/Users/mistial/Projects/Gp4Net/src/Gp4Net.Tool/Gp4Net.Tool.csproj]
/Users/mistial/Projects/Gp4Net/src/Gp4Net.Tool/Infrastructure/CliCommandAttribute.cs(38,71): warning CS8632: The annotation for nullable reference types should only be used in code within a '#nullable' annotations context. [/Users/mistial/Projects/Gp4Net/src/Gp4Net.Tool/Gp4Net.Tool.csproj]
/Users/mistial/Projects/Gp4Net/src/Gp4Net.Tool/Pipeline/ICliExecutionContext.cs(37,60): warning CS8632: The annotation for nullable reference types should only be used in code within a '#nullable' annotations context. [/Users/mistial/Projects/Gp4Net/src/Gp4Net.Tool/Gp4Net.Tool.csproj]
/Users/mistial/Projects/Gp4Net/src/Gp4Net.Tool/Commands/BaseCommand.cs(304,18): warning CS8632: The annotation for nullable reference types should only be used in code within a '#nullable' annotations context. [/Users/mistial/Projects/Gp4Net/src/Gp4Net.Tool/Gp4Net.Tool.csproj]
/Users/mistial/Projects/Gp4Net/src/Gp4Net.Tool/Commands/BaseCommand.cs(312,18): warning CS8632: The annotation for nullable reference types should only be used in code within a '#nullable' annotations context. [/Users/mistial/Projects/Gp4Net/src/Gp4Net.Tool/Gp4Net.Tool.csproj]
/Users/mistial/Projects/Gp4Net/src/Gp4Net.Tool/Pipeline/ICliExecutionContext.cs(42,83): warning CS8632: The annotation for nullable reference types should only be used in code within a '#nullable' annotations context. [/Users/mistial/Projects/Gp4Net/src/Gp4Net.Tool/Gp4Net.Tool.csproj]
/Users/mistial/Projects/Gp4Net/src/Gp4Net.Tool/Commands/BaseCommand.cs(320,18): warning CS8632: The annotation for nullable reference types should only be used in code within a '#nullable' annotations context. [/Users/mistial/Projects/Gp4Net/src/Gp4Net.Tool/Gp4Net.Tool.csproj]
/Users/mistial/Projects/Gp4Net/src/Gp4Net.Tool/Pipeline/CommandHandlerAttribute.cs(21,18): warning CS8632: The annotation for nullable reference types should only be used in code within a '#nullable' annotations context. [/Users/mistial/Projects/Gp4Net/src/Gp4Net.Tool/Gp4Net.Tool.csproj]
/Users/mistial/Projects/Gp4Net/src/Gp4Net.Tool/Pipeline/CommandContext.cs(21,51): warning CS8632: The annotation for nullable reference types should only be used in code within a '#nullable' annotations context. [/Users/mistial/Projects/Gp4Net/src/Gp4Net.Tool/Gp4Net.Tool.csproj]
/Users/mistial/Projects/Gp4Net/src/Gp4Net.Tool/Infrastructure/CliCommandAttribute.cs(24,18): warning CS8632: The annotation for nullable reference types should only be used in code within a '#nullable' annotations context. [/Users/mistial/Projects/Gp4Net/src/Gp4Net.Tool/Gp4Net.Tool.csproj]
/Users/mistial/Projects/Gp4Net/src/Gp4Net.Tool/Pipeline/CommandHandlerAttribute.cs(16,18): warning CS8632: The annotation for nullable reference types should only be used in code within a '#nullable' annotations context. [/Users/mistial/Projects/Gp4Net/src/Gp4Net.Tool/Gp4Net.Tool.csproj]
/Users/mistial/Projects/Gp4Net/src/Gp4Net.Tool/Infrastructure/CardServiceProvider.cs(12,32): warning CS8632: The annotation for nullable reference types should only be used in code within a '#nullable' annotations context. [/Users/mistial/Projects/Gp4Net/src/Gp4Net.Tool/Gp4Net.Tool.csproj]
/Users/mistial/Projects/Gp4Net/src/Gp4Net.Tool/Commands/Packages/AnalyzeExpCommand.cs(65,15): warning CS8632: The annotation for nullable reference types should only be used in code within a '#nullable' annotations context. [/Users/mistial/Projects/Gp4Net/src/Gp4Net.Tool/Gp4Net.Tool.csproj]
/Users/mistial/Projects/Gp4Net/src/Gp4Net.Tool/Commands/Applet/DeleteCommand.cs(509,22): warning CS8632: The annotation for nullable reference types should only be used in code within a '#nullable' annotations context. [/Users/mistial/Projects/Gp4Net/src/Gp4Net.Tool/Gp4Net.Tool.csproj]
/Users/mistial/Projects/Gp4Net/src/Gp4Net.Tool/Commands/Applet/DeleteCommand.cs(537,22): warning CS8632: The annotation for nullable reference types should only be used in code within a '#nullable' annotations context. [/Users/mistial/Projects/Gp4Net/src/Gp4Net.Tool/Gp4Net.Tool.csproj]
/Users/mistial/Projects/Gp4Net/src/Gp4Net.Tool/Commands/Packages/AnalyzeExpCommand.cs(287,26): warning CS8632: The annotation for nullable reference types should only be used in code within a '#nullable' annotations context. [/Users/mistial/Projects/Gp4Net/src/Gp4Net.Tool/Gp4Net.Tool.csproj]
/Users/mistial/Projects/Gp4Net/src/Gp4Net.Tool/Commands/Packages/AnalyzeExpCommand.cs(333,15): warning CS8632: The annotation for nullable reference types should only be used in code within a '#nullable' annotations context. [/Users/mistial/Projects/Gp4Net/src/Gp4Net.Tool/Gp4Net.Tool.csproj]
/Users/mistial/Projects/Gp4Net/src/Gp4Net.Tool/Commands/Packages/AnalyzeExpCommand.cs(330,31): warning CS8632: The annotation for nullable reference types should only be used in code within a '#nullable' annotations context. [/Users/mistial/Projects/Gp4Net/src/Gp4Net.Tool/Gp4Net.Tool.csproj]
/Users/mistial/Projects/Gp4Net/src/Gp4Net.Tool/Infrastructure/ByteTypeConverter.cs(15,63): warning CS8632: The annotation for nullable reference types should only be used in code within a '#nullable' annotations context. [/Users/mistial/Projects/Gp4Net/src/Gp4Net.Tool/Gp4Net.Tool.csproj]
/Users/mistial/Projects/Gp4Net/src/Gp4Net.Tool/Pipeline/CommandTestExtensions.cs(19,27): warning CS8632: The annotation for nullable reference types should only be used in code within a '#nullable' annotations context. [/Users/mistial/Projects/Gp4Net/src/Gp4Net.Tool/Gp4Net.Tool.csproj]
/Users/mistial/Projects/Gp4Net/src/Gp4Net.Tool/Infrastructure/ByteTypeConverter.cs(25,31): warning CS8632: The annotation for nullable reference types should only be used in code within a '#nullable' annotations context. [/Users/mistial/Projects/Gp4Net/src/Gp4Net.Tool/Gp4Net.Tool.csproj]
/Users/mistial/Projects/Gp4Net/src/Gp4Net.Tool/Infrastructure/ByteTypeConverter.cs(26,20): warning CS8632: The annotation for nullable reference types should only be used in code within a '#nullable' annotations context. [/Users/mistial/Projects/Gp4Net/src/Gp4Net.Tool/Gp4Net.Tool.csproj]
/Users/mistial/Projects/Gp4Net/src/Gp4Net.Tool/Infrastructure/ByteTypeConverter.cs(24,27): warning CS8632: The annotation for nullable reference types should only be used in code within a '#nullable' annotations context. [/Users/mistial/Projects/Gp4Net/src/Gp4Net.Tool/Gp4Net.Tool.csproj]
/Users/mistial/Projects/Gp4Net/src/Gp4Net.Tool/Pipeline/CommandRegistrationService.cs(135,18): warning CS8632: The annotation for nullable reference types should only be used in code within a '#nullable' annotations context. [/Users/mistial/Projects/Gp4Net/src/Gp4Net.Tool/Gp4Net.Tool.csproj]
/Users/mistial/Projects/Gp4Net/src/Gp4Net.Tool/Commands/Packages/AnalyzeExpCommand.cs(669,22): warning CS8632: The annotation for nullable reference types should only be used in code within a '#nullable' annotations context. [/Users/mistial/Projects/Gp4Net/src/Gp4Net.Tool/Gp4Net.Tool.csproj]
/Users/mistial/Projects/Gp4Net/src/Gp4Net.Tool/Commands/Packages/AnalyzeExpCommand.cs(676,22): warning CS8632: The annotation for nullable reference types should only be used in code within a '#nullable' annotations context. [/Users/mistial/Projects/Gp4Net/src/Gp4Net.Tool/Gp4Net.Tool.csproj]
/Users/mistial/Projects/Gp4Net/src/Gp4Net.Tool/Infrastructure/ByteTypeConverter.cs(115,61): warning CS8632: The annotation for nullable reference types should only be used in code within a '#nullable' annotations context. [/Users/mistial/Projects/Gp4Net/src/Gp4Net.Tool/Gp4Net.Tool.csproj]
/Users/mistial/Projects/Gp4Net/src/Gp4Net.Tool/Infrastructure/ByteTypeConverter.cs(115,76): warning CS8632: The annotation for nullable reference types should only be used in code within a '#nullable' annotations context. [/Users/mistial/Projects/Gp4Net/src/Gp4Net.Tool/Gp4Net.Tool.csproj]
/Users/mistial/Projects/Gp4Net/src/Gp4Net.Tool/Infrastructure/ByteTypeConverter.cs(122,31): warning CS8632: The annotation for nullable reference types should only be used in code within a '#nullable' annotations context. [/Users/mistial/Projects/Gp4Net/src/Gp4Net.Tool/Gp4Net.Tool.csproj]
/Users/mistial/Projects/Gp4Net/src/Gp4Net.Tool/Infrastructure/ByteTypeConverter.cs(123,20): warning CS8632: The annotation for nullable reference types should only be used in code within a '#nullable' annotations context. [/Users/mistial/Projects/Gp4Net/src/Gp4Net.Tool/Gp4Net.Tool.csproj]
/Users/mistial/Projects/Gp4Net/src/Gp4Net.Tool/Infrastructure/ByteTypeConverter.cs(124,15): warning CS8632: The annotation for nullable reference types should only be used in code within a '#nullable' annotations context. [/Users/mistial/Projects/Gp4Net/src/Gp4Net.Tool/Gp4Net.Tool.csproj]
/Users/mistial/Projects/Gp4Net/src/Gp4Net.Tool/Infrastructure/ByteTypeConverter.cs(121,27): warning CS8632: The annotation for nullable reference types should only be used in code within a '#nullable' annotations context. [/Users/mistial/Projects/Gp4Net/src/Gp4Net.Tool/Gp4Net.Tool.csproj]
/Users/mistial/Projects/Gp4Net/src/Gp4Net.Tool/Infrastructure/CliCommandMetadata.cs(20,11): warning CS8632: The annotation for nullable reference types should only be used in code within a '#nullable' annotations context. [/Users/mistial/Projects/Gp4Net/src/Gp4Net.Tool/Gp4Net.Tool.csproj]
/Users/mistial/Projects/Gp4Net/src/Gp4Net.Tool/Pipeline/FunctionalCliContext.cs(40,73): warning CS8632: The annotation for nullable reference types should only be used in code within a '#nullable' annotations context. [/Users/mistial/Projects/Gp4Net/src/Gp4Net.Tool/Gp4Net.Tool.csproj]
/Users/mistial/Projects/Gp4Net/src/Gp4Net.Tool/Commands/Packages/AnalyzeExpCommand.cs(703,22): warning CS8632: The annotation for nullable reference types should only be used in code within a '#nullable' annotations context. [/Users/mistial/Projects/Gp4Net/src/Gp4Net.Tool/Gp4Net.Tool.csproj]
/Users/mistial/Projects/Gp4Net/src/Gp4Net.Tool/Commands/Packages/AnalyzeExpCommand.cs(704,22): warning CS8632: The annotation for nullable reference types should only be used in code within a '#nullable' annotations context. [/Users/mistial/Projects/Gp4Net/src/Gp4Net.Tool/Gp4Net.Tool.csproj]
/Users/mistial/Projects/Gp4Net/src/Gp4Net.Tool/Commands/Packages/AnalyzeExpCommand.cs(705,22): warning CS8632: The annotation for nullable reference types should only be used in code within a '#nullable' annotations context. [/Users/mistial/Projects/Gp4Net/src/Gp4Net.Tool/Gp4Net.Tool.csproj]
/Users/mistial/Projects/Gp4Net/src/Gp4Net.Tool/Pipeline/FunctionalCliContext.cs(59,15): warning CS8632: The annotation for nullable reference types should only be used in code within a '#nullable' annotations context. [/Users/mistial/Projects/Gp4Net/src/Gp4Net.Tool/Gp4Net.Tool.csproj]
/Users/mistial/Projects/Gp4Net/src/Gp4Net.Tool/Commands/Packages/AnalyzeExpCommand.cs(706,27): warning CS8632: The annotation for nullable reference types should only be used in code within a '#nullable' annotations context. [/Users/mistial/Projects/Gp4Net/src/Gp4Net.Tool/Gp4Net.Tool.csproj]
/Users/mistial/Projects/Gp4Net/src/Gp4Net.Tool/Pipeline/FunctionalCliContext.cs(97,71): warning CS8632: The annotation for nullable reference types should only be used in code within a '#nullable' annotations context. [/Users/mistial/Projects/Gp4Net/src/Gp4Net.Tool/Gp4Net.Tool.csproj]
/Users/mistial/Projects/Gp4Net/src/Gp4Net.Tool/Pipeline/FunctionalCliContext.cs(135,15): warning CS8632: The annotation for nullable reference types should only be used in code within a '#nullable' annotations context. [/Users/mistial/Projects/Gp4Net/src/Gp4Net.Tool/Gp4Net.Tool.csproj]
/Users/mistial/Projects/Gp4Net/src/Gp4Net.Tool/Commands/Packages/AnalyzeExpCommand.cs(717,22): warning CS8632: The annotation for nullable reference types should only be used in code within a '#nullable' annotations context. [/Users/mistial/Projects/Gp4Net/src/Gp4Net.Tool/Gp4Net.Tool.csproj]
/Users/mistial/Projects/Gp4Net/src/Gp4Net.Tool/Pipeline/FunctionalCliContext.cs(19,51): warning CS8632: The annotation for nullable reference types should only be used in code within a '#nullable' annotations context. [/Users/mistial/Projects/Gp4Net/src/Gp4Net.Tool/Gp4Net.Tool.csproj]
/Users/mistial/Projects/Gp4Net/src/Gp4Net.Tool/Pipeline/FunctionalCommandExtensions.cs(37,15): warning CS8632: The annotation for nullable reference types should only be used in code within a '#nullable' annotations context. [/Users/mistial/Projects/Gp4Net/src/Gp4Net.Tool/Gp4Net.Tool.csproj]
/Users/mistial/Projects/Gp4Net/src/Gp4Net.Tool/Pipeline/FunctionalCommandExtensions.cs(61,15): warning CS8632: The annotation for nullable reference types should only be used in code within a '#nullable' annotations context. [/Users/mistial/Projects/Gp4Net/src/Gp4Net.Tool/Gp4Net.Tool.csproj]
/Users/mistial/Projects/Gp4Net/src/Gp4Net.Tool/Infrastructure/HexStringTypeConverter.cs(15,63): warning CS8632: The annotation for nullable reference types should only be used in code within a '#nullable' annotations context. [/Users/mistial/Projects/Gp4Net/src/Gp4Net.Tool/Gp4Net.Tool.csproj]
/Users/mistial/Projects/Gp4Net/src/Gp4Net.Tool/Infrastructure/HexStringTypeConverter.cs(22,31): warning CS8632: The annotation for nullable reference types should only be used in code within a '#nullable' annotations context. [/Users/mistial/Projects/Gp4Net/src/Gp4Net.Tool/Gp4Net.Tool.csproj]
/Users/mistial/Projects/Gp4Net/src/Gp4Net.Tool/Infrastructure/HexStringTypeConverter.cs(23,20): warning CS8632: The annotation for nullable reference types should only be used in code within a '#nullable' annotations context. [/Users/mistial/Projects/Gp4Net/src/Gp4Net.Tool/Gp4Net.Tool.csproj]
/Users/mistial/Projects/Gp4Net/src/Gp4Net.Tool/Infrastructure/HexStringTypeConverter.cs(21,27): warning CS8632: The annotation for nullable reference types should only be used in code within a '#nullable' annotations context. [/Users/mistial/Projects/Gp4Net/src/Gp4Net.Tool/Gp4Net.Tool.csproj]
/Users/mistial/Projects/Gp4Net/src/Gp4Net.Tool/Infrastructure/ReaderNameTypeConverter.cs(21,63): warning CS8632: The annotation for nullable reference types should only be used in code within a '#nullable' annotations context. [/Users/mistial/Projects/Gp4Net/src/Gp4Net.Tool/Gp4Net.Tool.csproj]
/Users/mistial/Projects/Gp4Net/src/Gp4Net.Tool/Infrastructure/ReaderNameTypeConverter.cs(28,31): warning CS8632: The annotation for nullable reference types should only be used in code within a '#nullable' annotations context. [/Users/mistial/Projects/Gp4Net/src/Gp4Net.Tool/Gp4Net.Tool.csproj]
/Users/mistial/Projects/Gp4Net/src/Gp4Net.Tool/Infrastructure/ReaderNameTypeConverter.cs(29,20): warning CS8632: The annotation for nullable reference types should only be used in code within a '#nullable' annotations context. [/Users/mistial/Projects/Gp4Net/src/Gp4Net.Tool/Gp4Net.Tool.csproj]
/Users/mistial/Projects/Gp4Net/src/Gp4Net.Tool/Infrastructure/ReaderNameTypeConverter.cs(27,27): warning CS8632: The annotation for nullable reference types should only be used in code within a '#nullable' annotations context. [/Users/mistial/Projects/Gp4Net/src/Gp4Net.Tool/Gp4Net.Tool.csproj]
/Users/mistial/Projects/Gp4Net/src/Gp4Net.Tool/Pipeline/MockCommandContext.cs(55,73): warning CS8632: The annotation for nullable reference types should only be used in code within a '#nullable' annotations context. [/Users/mistial/Projects/Gp4Net/src/Gp4Net.Tool/Gp4Net.Tool.csproj]
/Users/mistial/Projects/Gp4Net/src/Gp4Net.Tool/Infrastructure/ReaderNameTypeConverter.cs(203,82): warning CS8632: The annotation for nullable reference types should only be used in code within a '#nullable' annotations context. [/Users/mistial/Projects/Gp4Net/src/Gp4Net.Tool/Gp4Net.Tool.csproj]
/Users/mistial/Projects/Gp4Net/src/Gp4Net.Tool/Infrastructure/ReaderNameTypeConverter.cs(203,32): warning CS8632: The annotation for nullable reference types should only be used in code within a '#nullable' annotations context. [/Users/mistial/Projects/Gp4Net/src/Gp4Net.Tool/Gp4Net.Tool.csproj]
/Users/mistial/Projects/Gp4Net/src/Gp4Net.Tool/Pipeline/MockCommandContext.cs(70,15): warning CS8632: The annotation for nullable reference types should only be used in code within a '#nullable' annotations context. [/Users/mistial/Projects/Gp4Net/src/Gp4Net.Tool/Gp4Net.Tool.csproj]
/Users/mistial/Projects/Gp4Net/src/Gp4Net.Tool/Scripting/GpScriptModule.cs(44,17): warning CS8632: The annotation for nullable reference types should only be used in code within a '#nullable' annotations context. [/Users/mistial/Projects/Gp4Net/src/Gp4Net.Tool/Gp4Net.Tool.csproj]
/Users/mistial/Projects/Gp4Net/src/Gp4Net.Tool/Scripting/GpScriptModule.cs(80,33): warning CS8632: The annotation for nullable reference types should only be used in code within a '#nullable' annotations context. [/Users/mistial/Projects/Gp4Net/src/Gp4Net.Tool/Gp4Net.Tool.csproj]
/Users/mistial/Projects/Gp4Net/src/Gp4Net.Tool/Scripting/GpScriptModule.cs(89,34): warning CS8632: The annotation for nullable reference types should only be used in code within a '#nullable' annotations context. [/Users/mistial/Projects/Gp4Net/src/Gp4Net.Tool/Gp4Net.Tool.csproj]
/Users/mistial/Projects/Gp4Net/src/Gp4Net.Tool/Scripting/GpScriptModule.cs(98,17): warning CS8632: The annotation for nullable reference types should only be used in code within a '#nullable' annotations context. [/Users/mistial/Projects/Gp4Net/src/Gp4Net.Tool/Gp4Net.Tool.csproj]
/Users/mistial/Projects/Gp4Net/src/Gp4Net.Tool/Infrastructure/TypeRegistrar.cs(97,32): warning CS8632: The annotation for nullable reference types should only be used in code within a '#nullable' annotations context. [/Users/mistial/Projects/Gp4Net/src/Gp4Net.Tool/Gp4Net.Tool.csproj]
/Users/mistial/Projects/Gp4Net/src/Gp4Net.Tool/Infrastructure/TypeRegistrar.cs(97,18): warning CS8632: The annotation for nullable reference types should only be used in code within a '#nullable' annotations context. [/Users/mistial/Projects/Gp4Net/src/Gp4Net.Tool/Gp4Net.Tool.csproj]
/Users/mistial/Projects/Gp4Net/src/Gp4Net.Tool/Pipeline/MockCommandContext.cs(37,24): warning CS8632: The annotation for nullable reference types should only be used in code within a '#nullable' annotations context. [/Users/mistial/Projects/Gp4Net/src/Gp4Net.Tool/Gp4Net.Tool.csproj]
/Users/mistial/Projects/Gp4Net/src/Gp4Net.Tool/Pipeline/MockCommandContext.cs(38,21): warning CS8632: The annotation for nullable reference types should only be used in code within a '#nullable' annotations context. [/Users/mistial/Projects/Gp4Net/src/Gp4Net.Tool/Gp4Net.Tool.csproj]
/Users/mistial/Projects/Gp4Net/src/Gp4Net.Tool/Pipeline/MockCommandContext.cs(39,47): warning CS8632: The annotation for nullable reference types should only be used in code within a '#nullable' annotations context. [/Users/mistial/Projects/Gp4Net/src/Gp4Net.Tool/Gp4Net.Tool.csproj]
/Users/mistial/Projects/Gp4Net/src/Gp4Net.Tool/Pipeline/MockCommandContext.cs(40,24): warning CS8632: The annotation for nullable reference types should only be used in code within a '#nullable' annotations context. [/Users/mistial/Projects/Gp4Net/src/Gp4Net.Tool/Gp4Net.Tool.csproj]
/Users/mistial/Projects/Gp4Net/src/Gp4Net.Tool/Commands/Packages/ScanSdkCommand.cs(117,31): warning CS8632: The annotation for nullable reference types should only be used in code within a '#nullable' annotations context. [/Users/mistial/Projects/Gp4Net/src/Gp4Net.Tool/Gp4Net.Tool.csproj]
/Users/mistial/Projects/Gp4Net/src/Gp4Net.Tool/Scripting/GpScriptModule.cs(195,69): warning CS8632: The annotation for nullable reference types should only be used in code within a '#nullable' annotations context. [/Users/mistial/Projects/Gp4Net/src/Gp4Net.Tool/Gp4Net.Tool.csproj]
/Users/mistial/Projects/Gp4Net/src/Gp4Net.Tool/Commands/Packages/ScanSdkCommand.cs(205,26): warning CS8632: The annotation for nullable reference types should only be used in code within a '#nullable' annotations context. [/Users/mistial/Projects/Gp4Net/src/Gp4Net.Tool/Gp4Net.Tool.csproj]
/Users/mistial/Projects/Gp4Net/src/Gp4Net.Tool/Scripting/GpScriptModule.cs(223,66): warning CS8632: The annotation for nullable reference types should only be used in code within a '#nullable' annotations context. [/Users/mistial/Projects/Gp4Net/src/Gp4Net.Tool/Gp4Net.Tool.csproj]
/Users/mistial/Projects/Gp4Net/src/Gp4Net.Tool/Scripting/GpScriptModule.cs(244,14): warning CS8632: The annotation for nullable reference types should only be used in code within a '#nullable' annotations context. [/Users/mistial/Projects/Gp4Net/src/Gp4Net.Tool/Gp4Net.Tool.csproj]
/Users/mistial/Projects/Gp4Net/src/Gp4Net.Tool/Scripting/GpScriptModule.cs(262,54): warning CS8632: The annotation for nullable reference types should only be used in code within a '#nullable' annotations context. [/Users/mistial/Projects/Gp4Net/src/Gp4Net.Tool/Gp4Net.Tool.csproj]
/Users/mistial/Projects/Gp4Net/src/Gp4Net.Tool/Pipeline/MockCommandContext.cs(138,18): warning CS8632: The annotation for nullable reference types should only be used in code within a '#nullable' annotations context. [/Users/mistial/Projects/Gp4Net/src/Gp4Net.Tool/Gp4Net.Tool.csproj]
/Users/mistial/Projects/Gp4Net/src/Gp4Net.Tool/Commands/Packages/ScanSdkCommand.cs(442,22): warning CS8632: The annotation for nullable reference types should only be used in code within a '#nullable' annotations context. [/Users/mistial/Projects/Gp4Net/src/Gp4Net.Tool/Gp4Net.Tool.csproj]
/Users/mistial/Projects/Gp4Net/src/Gp4Net.Tool/Infrastructure/TypeRegistrar.cs(12,40): warning CS8632: The annotation for nullable reference types should only be used in code within a '#nullable' annotations context. [/Users/mistial/Projects/Gp4Net/src/Gp4Net.Tool/Gp4Net.Tool.csproj]
/Users/mistial/Projects/Gp4Net/src/Gp4Net.Tool/Infrastructure/TypeRegistrar.cs(13,38): warning CS8632: The annotation for nullable reference types should only be used in code within a '#nullable' annotations context. [/Users/mistial/Projects/Gp4Net/src/Gp4Net.Tool/Gp4Net.Tool.csproj]
/Users/mistial/Projects/Gp4Net/src/Gp4Net.Tool/Services/ICardService.cs(39,11): warning CS8632: The annotation for nullable reference types should only be used in code within a '#nullable' annotations context. [/Users/mistial/Projects/Gp4Net/src/Gp4Net.Tool/Gp4Net.Tool.csproj]
/Users/mistial/Projects/Gp4Net/src/Gp4Net.Tool/Pipeline/MockCommandContext.cs(162,15): warning CS8632: The annotation for nullable reference types should only be used in code within a '#nullable' annotations context. [/Users/mistial/Projects/Gp4Net/src/Gp4Net.Tool/Gp4Net.Tool.csproj]
/Users/mistial/Projects/Gp4Net/src/Gp4Net.Tool/Pipeline/MockCommandContext.cs(163,35): warning CS8632: The annotation for nullable reference types should only be used in code within a '#nullable' annotations context. [/Users/mistial/Projects/Gp4Net/src/Gp4Net.Tool/Gp4Net.Tool.csproj]
/Users/mistial/Projects/Gp4Net/src/Gp4Net.Tool/Pipeline/MockCommandContext.cs(164,15): warning CS8632: The annotation for nullable reference types should only be used in code within a '#nullable' annotations context. [/Users/mistial/Projects/Gp4Net/src/Gp4Net.Tool/Gp4Net.Tool.csproj]
/Users/mistial/Projects/Gp4Net/src/Gp4Net.Tool/Pipeline/MockCommandContext.cs(165,15): warning CS8632: The annotation for nullable reference types should only be used in code within a '#nullable' annotations context. [/Users/mistial/Projects/Gp4Net/src/Gp4Net.Tool/Gp4Net.Tool.csproj]
/Users/mistial/Projects/Gp4Net/src/Gp4Net.Tool/Pipeline/MockCommandContext.cs(166,15): warning CS8632: The annotation for nullable reference types should only be used in code within a '#nullable' annotations context. [/Users/mistial/Projects/Gp4Net/src/Gp4Net.Tool/Gp4Net.Tool.csproj]
/Users/mistial/Projects/Gp4Net/src/Gp4Net.Tool/Pipeline/MockCommandContext.cs(168,49): warning CS8632: The annotation for nullable reference types should only be used in code within a '#nullable' annotations context. [/Users/mistial/Projects/Gp4Net/src/Gp4Net.Tool/Gp4Net.Tool.csproj]
/Users/mistial/Projects/Gp4Net/src/Gp4Net.Tool/Commands/Trace/ConvertCommand.cs(175,20): warning CS8632: The annotation for nullable reference types should only be used in code within a '#nullable' annotations context. [/Users/mistial/Projects/Gp4Net/src/Gp4Net.Tool/Gp4Net.Tool.csproj]
/Users/mistial/Projects/Gp4Net/src/Gp4Net.Tool/Commands/Card/PutIsdDataCommand.cs(537,24): warning CS8632: The annotation for nullable reference types should only be used in code within a '#nullable' annotations context. [/Users/mistial/Projects/Gp4Net/src/Gp4Net.Tool/Gp4Net.Tool.csproj]
/Users/mistial/Projects/Gp4Net/src/Gp4Net.Tool/Commands/Card/PutIsdDataCommand.cs(544,22): warning CS8632: The annotation for nullable reference types should only be used in code within a '#nullable' annotations context. [/Users/mistial/Projects/Gp4Net/src/Gp4Net.Tool/Gp4Net.Tool.csproj]
/Users/mistial/Projects/Gp4Net/src/Gp4Net.Tool/Commands/Trace/ConvertCommand.cs(203,26): warning CS8632: The annotation for nullable reference types should only be used in code within a '#nullable' annotations context. [/Users/mistial/Projects/Gp4Net/src/Gp4Net.Tool/Gp4Net.Tool.csproj]
/Users/mistial/Projects/Gp4Net/src/Gp4Net.Tool/Services/IKeysetResolver.cs(26,15): warning CS8632: The annotation for nullable reference types should only be used in code within a '#nullable' annotations context. [/Users/mistial/Projects/Gp4Net/src/Gp4Net.Tool/Gp4Net.Tool.csproj]
/Users/mistial/Projects/Gp4Net/src/Gp4Net.Tool/Services/IKeysetResolver.cs(27,35): warning CS8632: The annotation for nullable reference types should only be used in code within a '#nullable' annotations context. [/Users/mistial/Projects/Gp4Net/src/Gp4Net.Tool/Gp4Net.Tool.csproj]
/Users/mistial/Projects/Gp4Net/src/Gp4Net.Tool/Services/IKeysetResolver.cs(28,15): warning CS8632: The annotation for nullable reference types should only be used in code within a '#nullable' annotations context. [/Users/mistial/Projects/Gp4Net/src/Gp4Net.Tool/Gp4Net.Tool.csproj]
/Users/mistial/Projects/Gp4Net/src/Gp4Net.Tool/Services/IKeysetResolver.cs(29,15): warning CS8632: The annotation for nullable reference types should only be used in code within a '#nullable' annotations context. [/Users/mistial/Projects/Gp4Net/src/Gp4Net.Tool/Gp4Net.Tool.csproj]
/Users/mistial/Projects/Gp4Net/src/Gp4Net.Tool/Services/IKeysetResolver.cs(30,15): warning CS8632: The annotation for nullable reference types should only be used in code within a '#nullable' annotations context. [/Users/mistial/Projects/Gp4Net/src/Gp4Net.Tool/Gp4Net.Tool.csproj]
/Users/mistial/Projects/Gp4Net/src/Gp4Net.Tool/Services/IKeysetResolver.cs(32,33): warning CS8632: The annotation for nullable reference types should only be used in code within a '#nullable' annotations context. [/Users/mistial/Projects/Gp4Net/src/Gp4Net.Tool/Gp4Net.Tool.csproj]
/Users/mistial/Projects/Gp4Net/src/Gp4Net.Tool/Scripting/IScriptManager.cs(29,35): warning CS8632: The annotation for nullable reference types should only be used in code within a '#nullable' annotations context. [/Users/mistial/Projects/Gp4Net/src/Gp4Net.Tool/Gp4Net.Tool.csproj]
/Users/mistial/Projects/Gp4Net/src/Gp4Net.Tool/Scripting/IScriptManager.cs(39,35): warning CS8632: The annotation for nullable reference types should only be used in code within a '#nullable' annotations context. [/Users/mistial/Projects/Gp4Net/src/Gp4Net.Tool/Gp4Net.Tool.csproj]
/Users/mistial/Projects/Gp4Net/src/Gp4Net.Tool/Commands/Applet/LoadCliCommand.cs(168,22): warning CS8632: The annotation for nullable reference types should only be used in code within a '#nullable' annotations context. [/Users/mistial/Projects/Gp4Net/src/Gp4Net.Tool/Gp4Net.Tool.csproj]
/Users/mistial/Projects/Gp4Net/src/Gp4Net.Tool/Pipeline/VerboseLoggingHelper.cs(16,35): warning CS8632: The annotation for nullable reference types should only be used in code within a '#nullable' annotations context. [/Users/mistial/Projects/Gp4Net/src/Gp4Net.Tool/Gp4Net.Tool.csproj]
/Users/mistial/Projects/Gp4Net/src/Gp4Net.Tool/Commands/Applet/LoadCliCommand.cs(176,22): warning CS8632: The annotation for nullable reference types should only be used in code within a '#nullable' annotations context. [/Users/mistial/Projects/Gp4Net/src/Gp4Net.Tool/Gp4Net.Tool.csproj]
/Users/mistial/Projects/Gp4Net/src/Gp4Net.Tool/Scripting/ScriptDirectoryResolver.cs(79,18): warning CS8632: The annotation for nullable reference types should only be used in code within a '#nullable' annotations context. [/Users/mistial/Projects/Gp4Net/src/Gp4Net.Tool/Gp4Net.Tool.csproj]
/Users/mistial/Projects/Gp4Net/src/Gp4Net.Tool/Scripting/ScriptDirectoryResolver.cs(109,18): warning CS8632: The annotation for nullable reference types should only be used in code within a '#nullable' annotations context. [/Users/mistial/Projects/Gp4Net/src/Gp4Net.Tool/Gp4Net.Tool.csproj]
/Users/mistial/Projects/Gp4Net/src/Gp4Net.Tool/Services/CardCompatibilityService.cs(271,32): warning CS8632: The annotation for nullable reference types should only be used in code within a '#nullable' annotations context. [/Users/mistial/Projects/Gp4Net/src/Gp4Net.Tool/Gp4Net.Tool.csproj]
/Users/mistial/Projects/Gp4Net/src/Gp4Net.Tool/Commands/Trace/ConvertCommand.cs(229,18): warning CS8632: The annotation for nullable reference types should only be used in code within a '#nullable' annotations context. [/Users/mistial/Projects/Gp4Net/src/Gp4Net.Tool/Gp4Net.Tool.csproj]
/Users/mistial/Projects/Gp4Net/src/Gp4Net.Tool/Commands/Trace/ConvertCommand.cs(230,18): warning CS8632: The annotation for nullable reference types should only be used in code within a '#nullable' annotations context. [/Users/mistial/Projects/Gp4Net/src/Gp4Net.Tool/Gp4Net.Tool.csproj]
/Users/mistial/Projects/Gp4Net/src/Gp4Net.Tool/Commands/Trace/ConvertCommand.cs(231,18): warning CS8632: The annotation for nullable reference types should only be used in code within a '#nullable' annotations context. [/Users/mistial/Projects/Gp4Net/src/Gp4Net.Tool/Gp4Net.Tool.csproj]
/Users/mistial/Projects/Gp4Net/src/Gp4Net.Tool/Scripting/ScriptManager.cs(103,35): warning CS8632: The annotation for nullable reference types should only be used in code within a '#nullable' annotations context. [/Users/mistial/Projects/Gp4Net/src/Gp4Net.Tool/Gp4Net.Tool.csproj]
/Users/mistial/Projects/Gp4Net/src/Gp4Net.Tool/Scripting/ScriptManager.cs(157,35): warning CS8632: The annotation for nullable reference types should only be used in code within a '#nullable' annotations context. [/Users/mistial/Projects/Gp4Net/src/Gp4Net.Tool/Gp4Net.Tool.csproj]
/Users/mistial/Projects/Gp4Net/src/Gp4Net.Tool/Commands/Trace/ConvertCommand.cs(266,18): warning CS8632: The annotation for nullable reference types should only be used in code within a '#nullable' annotations context. [/Users/mistial/Projects/Gp4Net/src/Gp4Net.Tool/Gp4Net.Tool.csproj]
/Users/mistial/Projects/Gp4Net/src/Gp4Net.Tool/Commands/Trace/ConvertCommand.cs(267,18): warning CS8632: The annotation for nullable reference types should only be used in code within a '#nullable' annotations context. [/Users/mistial/Projects/Gp4Net/src/Gp4Net.Tool/Gp4Net.Tool.csproj]
/Users/mistial/Projects/Gp4Net/src/Gp4Net.Tool/Commands/Trace/ConvertCommand.cs(268,18): warning CS8632: The annotation for nullable reference types should only be used in code within a '#nullable' annotations context. [/Users/mistial/Projects/Gp4Net/src/Gp4Net.Tool/Gp4Net.Tool.csproj]
/Users/mistial/Projects/Gp4Net/src/Gp4Net.Tool/Commands/Trace/ConvertCommand.cs(270,18): warning CS8632: The annotation for nullable reference types should only be used in code within a '#nullable' annotations context. [/Users/mistial/Projects/Gp4Net/src/Gp4Net.Tool/Gp4Net.Tool.csproj]
/Users/mistial/Projects/Gp4Net/src/Gp4Net.Tool/Commands/Trace/ConvertCommand.cs(271,18): warning CS8632: The annotation for nullable reference types should only be used in code within a '#nullable' annotations context. [/Users/mistial/Projects/Gp4Net/src/Gp4Net.Tool/Gp4Net.Tool.csproj]
/Users/mistial/Projects/Gp4Net/src/Gp4Net.Tool/Commands/Trace/ConvertCommand.cs(258,19): warning CS8632: The annotation for nullable reference types should only be used in code within a '#nullable' annotations context. [/Users/mistial/Projects/Gp4Net/src/Gp4Net.Tool/Gp4Net.Tool.csproj]
/Users/mistial/Projects/Gp4Net/src/Gp4Net.Tool/Scripting/ScriptManager.cs(23,51): warning CS8632: The annotation for nullable reference types should only be used in code within a '#nullable' annotations context. [/Users/mistial/Projects/Gp4Net/src/Gp4Net.Tool/Gp4Net.Tool.csproj]
/Users/mistial/Projects/Gp4Net/src/Gp4Net.Tool/Services/CardServiceFactory.cs(79,18): warning CS8632: The annotation for nullable reference types should only be used in code within a '#nullable' annotations context. [/Users/mistial/Projects/Gp4Net/src/Gp4Net.Tool/Gp4Net.Tool.csproj]
/Users/mistial/Projects/Gp4Net/src/Gp4Net.Tool/Commands/Trace/ConvertCommand.cs(530,26): warning CS8632: The annotation for nullable reference types should only be used in code within a '#nullable' annotations context. [/Users/mistial/Projects/Gp4Net/src/Gp4Net.Tool/Gp4Net.Tool.csproj]
/Users/mistial/Projects/Gp4Net/src/Gp4Net.Tool/Services/CardCommunication/IResponseWrapper.cs(11,11): warning CS8632: The annotation for nullable reference types should only be used in code within a '#nullable' annotations context. [/Users/mistial/Projects/Gp4Net/src/Gp4Net.Tool/Gp4Net.Tool.csproj]
/Users/mistial/Projects/Gp4Net/src/Gp4Net.Tool/Services/CardServiceFactory.cs(18,25): warning CS8632: The annotation for nullable reference types should only be used in code within a '#nullable' annotations context. [/Users/mistial/Projects/Gp4Net/src/Gp4Net.Tool/Gp4Net.Tool.csproj]
/Users/mistial/Projects/Gp4Net/src/Gp4Net.Tool/Commands/Trace/ConvertCommand.cs(870,28): warning CS8632: The annotation for nullable reference types should only be used in code within a '#nullable' annotations context. [/Users/mistial/Projects/Gp4Net/src/Gp4Net.Tool/Gp4Net.Tool.csproj]
/Users/mistial/Projects/Gp4Net/src/Gp4Net.Tool/Commands/Trace/ConvertCommand.cs(897,50): warning CS8632: The annotation for nullable reference types should only be used in code within a '#nullable' annotations context. [/Users/mistial/Projects/Gp4Net/src/Gp4Net.Tool/Gp4Net.Tool.csproj]
/Users/mistial/Projects/Gp4Net/src/Gp4Net.Tool/Commands/Trace/SimpleJsonConverter.cs(29,18): warning CS8632: The annotation for nullable reference types should only be used in code within a '#nullable' annotations context. [/Users/mistial/Projects/Gp4Net/src/Gp4Net.Tool/Gp4Net.Tool.csproj]
/Users/mistial/Projects/Gp4Net/src/Gp4Net.Tool/Commands/Trace/SimpleJsonConverter.cs(18,37): warning CS8632: The annotation for nullable reference types should only be used in code within a '#nullable' annotations context. [/Users/mistial/Projects/Gp4Net/src/Gp4Net.Tool/Gp4Net.Tool.csproj]
/Users/mistial/Projects/Gp4Net/src/Gp4Net.Tool/Services/ICardCompatibilityService.cs(139,18): warning CS8632: The annotation for nullable reference types should only be used in code within a '#nullable' annotations context. [/Users/mistial/Projects/Gp4Net/src/Gp4Net.Tool/Gp4Net.Tool.csproj]
/Users/mistial/Projects/Gp4Net/src/Gp4Net.Tool/Services/ICardCompatibilityService.cs(167,15): warning CS8632: The annotation for nullable reference types should only be used in code within a '#nullable' annotations context. [/Users/mistial/Projects/Gp4Net/src/Gp4Net.Tool/Gp4Net.Tool.csproj]
/Users/mistial/Projects/Gp4Net/src/Gp4Net.Tool/Services/DomainServiceFactory.cs(43,51): warning CS8632: The annotation for nullable reference types should only be used in code within a '#nullable' annotations context. [/Users/mistial/Projects/Gp4Net/src/Gp4Net.Tool/Gp4Net.Tool.csproj]
/Users/mistial/Projects/Gp4Net/src/Gp4Net.Tool/Services/DomainServiceFactory.cs(52,38): warning CS8632: The annotation for nullable reference types should only be used in code within a '#nullable' annotations context. [/Users/mistial/Projects/Gp4Net/src/Gp4Net.Tool/Gp4Net.Tool.csproj]
/Users/mistial/Projects/Gp4Net/src/Gp4Net.Tool/Services/KeysetResolver.cs(36,15): warning CS8632: The annotation for nullable reference types should only be used in code within a '#nullable' annotations context. [/Users/mistial/Projects/Gp4Net/src/Gp4Net.Tool/Gp4Net.Tool.csproj]
/Users/mistial/Projects/Gp4Net/src/Gp4Net.Tool/Services/KeysetResolver.cs(37,35): warning CS8632: The annotation for nullable reference types should only be used in code within a '#nullable' annotations context. [/Users/mistial/Projects/Gp4Net/src/Gp4Net.Tool/Gp4Net.Tool.csproj]
/Users/mistial/Projects/Gp4Net/src/Gp4Net.Tool/Services/KeysetResolver.cs(38,15): warning CS8632: The annotation for nullable reference types should only be used in code within a '#nullable' annotations context. [/Users/mistial/Projects/Gp4Net/src/Gp4Net.Tool/Gp4Net.Tool.csproj]
/Users/mistial/Projects/Gp4Net/src/Gp4Net.Tool/Services/KeysetResolver.cs(39,15): warning CS8632: The annotation for nullable reference types should only be used in code within a '#nullable' annotations context. [/Users/mistial/Projects/Gp4Net/src/Gp4Net.Tool/Gp4Net.Tool.csproj]
/Users/mistial/Projects/Gp4Net/src/Gp4Net.Tool/Services/KeysetResolver.cs(40,15): warning CS8632: The annotation for nullable reference types should only be used in code within a '#nullable' annotations context. [/Users/mistial/Projects/Gp4Net/src/Gp4Net.Tool/Gp4Net.Tool.csproj]
/Users/mistial/Projects/Gp4Net/src/Gp4Net.Tool/Services/KeysetResolver.cs(42,33): warning CS8632: The annotation for nullable reference types should only be used in code within a '#nullable' annotations context. [/Users/mistial/Projects/Gp4Net/src/Gp4Net.Tool/Gp4Net.Tool.csproj]
/Users/mistial/Projects/Gp4Net/src/Gp4Net.Tool/Services/LuaVirtualCardService.cs(149,18): warning CS8632: The annotation for nullable reference types should only be used in code within a '#nullable' annotations context. [/Users/mistial/Projects/Gp4Net/src/Gp4Net.Tool/Gp4Net.Tool.csproj]
/Users/mistial/Projects/Gp4Net/src/Gp4Net.Tool/Services/KeysetResolver.cs(64,35): warning CS8632: The annotation for nullable reference types should only be used in code within a '#nullable' annotations context. [/Users/mistial/Projects/Gp4Net/src/Gp4Net.Tool/Gp4Net.Tool.csproj]
/Users/mistial/Projects/Gp4Net/src/Gp4Net.Tool/Services/KeysetResolver.cs(65,33): warning CS8632: The annotation for nullable reference types should only be used in code within a '#nullable' annotations context. [/Users/mistial/Projects/Gp4Net/src/Gp4Net.Tool/Gp4Net.Tool.csproj]
/Users/mistial/Projects/Gp4Net/src/Gp4Net.Tool/Services/SimpleCardServiceFactory.cs(79,18): warning CS8632: The annotation for nullable reference types should only be used in code within a '#nullable' annotations context. [/Users/mistial/Projects/Gp4Net/src/Gp4Net.Tool/Gp4Net.Tool.csproj]
/Users/mistial/Projects/Gp4Net/src/Gp4Net.Tool/Services/KeysetResolver.cs(120,35): warning CS8632: The annotation for nullable reference types should only be used in code within a '#nullable' annotations context. [/Users/mistial/Projects/Gp4Net/src/Gp4Net.Tool/Gp4Net.Tool.csproj]
/Users/mistial/Projects/Gp4Net/src/Gp4Net.Tool/Services/KeysetResolver.cs(121,33): warning CS8632: The annotation for nullable reference types should only be used in code within a '#nullable' annotations context. [/Users/mistial/Projects/Gp4Net/src/Gp4Net.Tool/Gp4Net.Tool.csproj]
/Users/mistial/Projects/Gp4Net/src/Gp4Net.Tool/Services/TraceBasedCardService.cs(277,72): warning CS8632: The annotation for nullable reference types should only be used in code within a '#nullable' annotations context. [/Users/mistial/Projects/Gp4Net/src/Gp4Net.Tool/Gp4Net.Tool.csproj]
/Users/mistial/Projects/Gp4Net/src/Gp4Net.Tool/Services/SimpleJsonCardService.cs(43,18): warning CS8632: The annotation for nullable reference types should only be used in code within a '#nullable' annotations context. [/Users/mistial/Projects/Gp4Net/src/Gp4Net.Tool/Gp4Net.Tool.csproj]
/Users/mistial/Projects/Gp4Net/src/Gp4Net.Tool/Services/TraceBasedCardService.cs(290,44): warning CS8632: The annotation for nullable reference types should only be used in code within a '#nullable' annotations context. [/Users/mistial/Projects/Gp4Net/src/Gp4Net.Tool/Gp4Net.Tool.csproj]
/Users/mistial/Projects/Gp4Net/src/Gp4Net.Tool/Services/KeysetResolver.cs(204,26): warning CS8632: The annotation for nullable reference types should only be used in code within a '#nullable' annotations context. [/Users/mistial/Projects/Gp4Net/src/Gp4Net.Tool/Gp4Net.Tool.csproj]
/Users/mistial/Projects/Gp4Net/src/Gp4Net.Tool/Services/KeysetResolver.cs(244,15): warning CS8632: The annotation for nullable reference types should only be used in code within a '#nullable' annotations context. [/Users/mistial/Projects/Gp4Net/src/Gp4Net.Tool/Gp4Net.Tool.csproj]
/Users/mistial/Projects/Gp4Net/src/Gp4Net.Tool/Services/KeysetResolver.cs(245,15): warning CS8632: The annotation for nullable reference types should only be used in code within a '#nullable' annotations context. [/Users/mistial/Projects/Gp4Net/src/Gp4Net.Tool/Gp4Net.Tool.csproj]
/Users/mistial/Projects/Gp4Net/src/Gp4Net.Tool/Services/KeysetResolver.cs(246,15): warning CS8632: The annotation for nullable reference types should only be used in code within a '#nullable' annotations context. [/Users/mistial/Projects/Gp4Net/src/Gp4Net.Tool/Gp4Net.Tool.csproj]
/Users/mistial/Projects/Gp4Net/src/Gp4Net.Tool/Services/SimpleCardServiceFactory.cs(16,25): warning CS8632: The annotation for nullable reference types should only be used in code within a '#nullable' annotations context. [/Users/mistial/Projects/Gp4Net/src/Gp4Net.Tool/Gp4Net.Tool.csproj]
/Users/mistial/Projects/Gp4Net/src/Gp4Net.Tool/Services/SimpleCardServiceFactory.cs(17,34): warning CS8632: The annotation for nullable reference types should only be used in code within a '#nullable' annotations context. [/Users/mistial/Projects/Gp4Net/src/Gp4Net.Tool/Gp4Net.Tool.csproj]
/Users/mistial/Projects/Gp4Net/src/Gp4Net.Tool/Services/SimpleJsonCardService.cs(163,18): warning CS8632: The annotation for nullable reference types should only be used in code within a '#nullable' annotations context. [/Users/mistial/Projects/Gp4Net/src/Gp4Net.Tool/Gp4Net.Tool.csproj]
/Users/mistial/Projects/Gp4Net/src/Gp4Net.Tool/Services/JsonLuaCardService.cs(128,18): warning CS8632: The annotation for nullable reference types should only be used in code within a '#nullable' annotations context. [/Users/mistial/Projects/Gp4Net/src/Gp4Net.Tool/Gp4Net.Tool.csproj]
/Users/mistial/Projects/Gp4Net/src/Gp4Net.Tool/Services/WsctCardService.cs(168,18): warning CS8632: The annotation for nullable reference types should only be used in code within a '#nullable' annotations context. [/Users/mistial/Projects/Gp4Net/src/Gp4Net.Tool/Gp4Net.Tool.csproj]
/Users/mistial/Projects/Gp4Net/src/Gp4Net.Tool/Services/WsctCardService.cs(190,19): warning CS8632: The annotation for nullable reference types should only be used in code within a '#nullable' annotations context. [/Users/mistial/Projects/Gp4Net/src/Gp4Net.Tool/Gp4Net.Tool.csproj]
/Users/mistial/Projects/Gp4Net/src/Gp4Net.Tool/Services/LuaVirtualCardService.cs(22,19): warning CS8632: The annotation for nullable reference types should only be used in code within a '#nullable' annotations context. [/Users/mistial/Projects/Gp4Net/src/Gp4Net.Tool/Gp4Net.Tool.csproj]
/Users/mistial/Projects/Gp4Net/src/Gp4Net.Tool/Services/LuaVirtualCardService.cs(23,19): warning CS8632: The annotation for nullable reference types should only be used in code within a '#nullable' annotations context. [/Users/mistial/Projects/Gp4Net/src/Gp4Net.Tool/Gp4Net.Tool.csproj]
/Users/mistial/Projects/Gp4Net/src/Gp4Net.Tool/Services/DomainServiceFactory.cs(124,23): warning CS8632: The annotation for nullable reference types should only be used in code within a '#nullable' annotations context. [/Users/mistial/Projects/Gp4Net/src/Gp4Net.Tool/Gp4Net.Tool.csproj]
/Users/mistial/Projects/Gp4Net/src/Gp4Net.Tool/Services/LuaVirtualCardService.cs(26,19): warning CS8632: The annotation for nullable reference types should only be used in code within a '#nullable' annotations context. [/Users/mistial/Projects/Gp4Net/src/Gp4Net.Tool/Gp4Net.Tool.csproj]
/Users/mistial/Projects/Gp4Net/src/Gp4Net.Tool/Services/JsonLuaCardService.cs(24,19): warning CS8632: The annotation for nullable reference types should only be used in code within a '#nullable' annotations context. [/Users/mistial/Projects/Gp4Net/src/Gp4Net.Tool/Gp4Net.Tool.csproj]
/Users/mistial/Projects/Gp4Net/src/Gp4Net.Tool/Services/JsonLuaCardService.cs(27,19): warning CS8632: The annotation for nullable reference types should only be used in code within a '#nullable' annotations context. [/Users/mistial/Projects/Gp4Net/src/Gp4Net.Tool/Gp4Net.Tool.csproj]
/Users/mistial/Projects/Gp4Net/src/Gp4Net.Tool/Services/JsonLuaCardService.cs(28,22): warning CS8632: The annotation for nullable reference types should only be used in code within a '#nullable' annotations context. [/Users/mistial/Projects/Gp4Net/src/Gp4Net.Tool/Gp4Net.Tool.csproj]
/Users/mistial/Projects/Gp4Net/src/Gp4Net.Tool/Services/WsctCardService.cs(29,32): warning CS8632: The annotation for nullable reference types should only be used in code within a '#nullable' annotations context. [/Users/mistial/Projects/Gp4Net/src/Gp4Net.Tool/Gp4Net.Tool.csproj]
/Users/mistial/Projects/Gp4Net/src/Gp4Net.Tool/Services/SimpleJsonCardService.cs(55,28): warning CS8632: The annotation for nullable reference types should only be used in code within a '#nullable' annotations context. [/Users/mistial/Projects/Gp4Net/src/Gp4Net.Tool/Gp4Net.Tool.csproj]
/Users/mistial/Projects/Gp4Net/src/Gp4Net.Tool/Services/DomainServiceFactory.cs(126,88): warning CS8632: The annotation for nullable reference types should only be used in code within a '#nullable' annotations context. [/Users/mistial/Projects/Gp4Net/src/Gp4Net.Tool/Gp4Net.Tool.csproj]
/Users/mistial/Projects/Gp4Net/src/Gp4Net.Tool/Services/DomainServiceFactory.cs(126,123): warning CS8632: The annotation for nullable reference types should only be used in code within a '#nullable' annotations context. [/Users/mistial/Projects/Gp4Net/src/Gp4Net.Tool/Gp4Net.Tool.csproj]
/Users/mistial/Projects/Gp4Net/src/Gp4Net.Tool/Services/WsctCardService.cs(31,47): warning CS8632: The annotation for nullable reference types should only be used in code within a '#nullable' annotations context. [/Users/mistial/Projects/Gp4Net/src/Gp4Net.Tool/Gp4Net.Tool.csproj]
/Users/mistial/Projects/Gp4Net/src/Gp4Net.Tool/Services/WsctCardService.cs(32,27): warning CS8632: The annotation for nullable reference types should only be used in code within a '#nullable' annotations context. [/Users/mistial/Projects/Gp4Net/src/Gp4Net.Tool/Gp4Net.Tool.csproj]
/Users/mistial/Projects/Gp4Net/src/Gp4Net.Tool/Services/SimpleJsonCardService.cs(61,19): warning CS8632: The annotation for nullable reference types should only be used in code within a '#nullable' annotations context. [/Users/mistial/Projects/Gp4Net/src/Gp4Net.Tool/Gp4Net.Tool.csproj]
/Users/mistial/Projects/Gp4Net/src/Gp4Net.Tool/Services/TraceBasedCardService.cs(118,18): warning CS8632: The annotation for nullable reference types should only be used in code within a '#nullable' annotations context. [/Users/mistial/Projects/Gp4Net/src/Gp4Net.Tool/Gp4Net.Tool.csproj]
/Users/mistial/Projects/Gp4Net/src/Gp4Net.Tool/Services/TraceBasedCardService.cs(155,22): warning CS8632: The annotation for nullable reference types should only be used in code within a '#nullable' annotations context. [/Users/mistial/Projects/Gp4Net/src/Gp4Net.Tool/Gp4Net.Tool.csproj]
/Users/mistial/Projects/Gp4Net/src/Gp4Net.Tool/Services/TraceBasedCardService.cs(26,34): warning CS8632: The annotation for nullable reference types should only be used in code within a '#nullable' annotations context. [/Users/mistial/Projects/Gp4Net/src/Gp4Net.Tool/Gp4Net.Tool.csproj]
/Users/mistial/Projects/Gp4Net/src/Gp4Net.Tool/Services/TraceBasedCardService.cs(28,58): warning CS8632: The annotation for nullable reference types should only be used in code within a '#nullable' annotations context. [/Users/mistial/Projects/Gp4Net/src/Gp4Net.Tool/Gp4Net.Tool.csproj]
/Users/mistial/Projects/Gp4Net/src/Gp4Net.Tool/Commands/Trace/SimpleJsonConverter.cs(85,15): warning CS8632: The annotation for nullable reference types should only be used in code within a '#nullable' annotations context. [/Users/mistial/Projects/Gp4Net/src/Gp4Net.Tool/Gp4Net.Tool.csproj]
/Users/mistial/Projects/Gp4Net/src/Gp4Net.Tool/Commands/Trace/ConvertCommand.cs(739,24): warning CS8632: The annotation for nullable reference types should only be used in code within a '#nullable' annotations context. [/Users/mistial/Projects/Gp4Net/src/Gp4Net.Tool/Gp4Net.Tool.csproj]
/Users/mistial/Projects/Gp4Net/src/Gp4Net.Tool/Commands/Trace/ConvertCommand.cs(776,23): warning CS8632: The annotation for nullable reference types should only be used in code within a '#nullable' annotations context. [/Users/mistial/Projects/Gp4Net/src/Gp4Net.Tool/Gp4Net.Tool.csproj]
/Users/mistial/Projects/Gp4Net/src/Gp4Net.Tool/Services/WsctCardService.cs(197,19): warning CS8632: The annotation for nullable reference types should only be used in code within a '#nullable' annotations context. [/Users/mistial/Projects/Gp4Net/src/Gp4Net.Tool/Gp4Net.Tool.csproj]
/Users/mistial/Projects/Gp4Net/src/Gp4Net.Tool/Commands/Trace/ConvertCommand.cs(622,15): warning CS8632: The annotation for nullable reference types should only be used in code within a '#nullable' annotations context. [/Users/mistial/Projects/Gp4Net/src/Gp4Net.Tool/Gp4Net.Tool.csproj]
/Users/mistial/Projects/Gp4Net/src/Gp4Net.Tool/Commands/Trace/ConvertCommand.cs(623,15): warning CS8632: The annotation for nullable reference types should only be used in code within a '#nullable' annotations context. [/Users/mistial/Projects/Gp4Net/src/Gp4Net.Tool/Gp4Net.Tool.csproj]
/Users/mistial/Projects/Gp4Net/src/Gp4Net.Tool/Services/WsctCardService.cs(292,17): warning CS0162: Unreachable code detected [/Users/mistial/Projects/Gp4Net/src/Gp4Net.Tool/Gp4Net.Tool.csproj]
/Users/mistial/Projects/Gp4Net/src/Gp4Net.Tool/Services/TraceBasedCardService.cs(301,15): warning CS8632: The annotation for nullable reference types should only be used in code within a '#nullable' annotations context. [/Users/mistial/Projects/Gp4Net/src/Gp4Net.Tool/Gp4Net.Tool.csproj]
/Users/mistial/Projects/Gp4Net/src/Gp4Net.Tool/Commands/Trace/ConvertCommand.cs(334,15): warning CS8632: The annotation for nullable reference types should only be used in code within a '#nullable' annotations context. [/Users/mistial/Projects/Gp4Net/src/Gp4Net.Tool/Gp4Net.Tool.csproj]
/Users/mistial/Projects/Gp4Net/src/Gp4Net.Tool/Commands/Trace/ConvertCommand.cs(379,15): warning CS8632: The annotation for nullable reference types should only be used in code within a '#nullable' annotations context. [/Users/mistial/Projects/Gp4Net/src/Gp4Net.Tool/Gp4Net.Tool.csproj]
/Users/mistial/Projects/Gp4Net/src/Gp4Net.Tool/Pipeline/FunctionalCliContext.cs(84,28): warning CS1998: This async method lacks 'await' operators and will run synchronously. Consider using the 'await' operator to await non-blocking API calls, or 'await Task.Run(...)' to do CPU-bound work on a background thread. [/Users/mistial/Projects/Gp4Net/src/Gp4Net.Tool/Gp4Net.Tool.csproj]
/Users/mistial/Projects/Gp4Net/src/Gp4Net.Tool/Commands/Applet/ListCliCommand.cs(22,1): warning CS1587: XML comment is not placed on a valid language element [/Users/mistial/Projects/Gp4Net/src/Gp4Net.Tool/Gp4Net.Tool.csproj]
/Users/mistial/Projects/Gp4Net/src/Gp4Net.Tool/Commands/Applet/LoadCliCommand.cs(20,1): warning CS1587: XML comment is not placed on a valid language element [/Users/mistial/Projects/Gp4Net/src/Gp4Net.Tool/Gp4Net.Tool.csproj]
/Users/mistial/Projects/Gp4Net/src/Gp4Net.Tool/Commands/Card/TestSecureChannelCommand.cs(18,1): warning CS1587: XML comment is not placed on a valid language element [/Users/mistial/Projects/Gp4Net/src/Gp4Net.Tool/Gp4Net.Tool.csproj]
  Gp4Net.Tool -> /Users/mistial/Projects/Gp4Net/src/Gp4Net.Tool/bin/Debug/net8.0/Gp4Net.Tool.dll
/Users/mistial/Projects/Gp4Net/tests/Gp4Net.Tests/Infrastructure/TestHelpers.cs(173,31): warning CS1998: This async method lacks 'await' operators and will run synchronously. Consider using the 'await' operator to await non-blocking API calls, or 'await Task.Run(...)' to do CPU-bound work on a background thread. [/Users/mistial/Projects/Gp4Net/tests/Gp4Net.Tests/Gp4Net.Tests.csproj]
/Users/mistial/Projects/Gp4Net/tests/Gp4Net.Tests/Domain/Keys/SecureSessionKeysTests.cs(112,34): warning CS8600: Converting null literal or possible null value to non-nullable type. [/Users/mistial/Projects/Gp4Net/tests/Gp4Net.Tests/Gp4Net.Tests.csproj]
/Users/mistial/Projects/Gp4Net/tests/Gp4Net.Tests/Domain/Keys/SecureSessionKeysTests.cs(169,34): warning CS8600: Converting null literal or possible null value to non-nullable type. [/Users/mistial/Projects/Gp4Net/tests/Gp4Net.Tests/Gp4Net.Tests.csproj]
/Users/mistial/Projects/Gp4Net/tests/Gp4Net.Tests/Domain/Keys/SecureSessionKeysTests.cs(175,31): warning CS8600: Converting null literal or possible null value to non-nullable type. [/Users/mistial/Projects/Gp4Net/tests/Gp4Net.Tests/Gp4Net.Tests.csproj]
/Users/mistial/Projects/Gp4Net/tests/Gp4Net.Tests/Cryptography/Scp03KdfStructureTests.cs(55,13): warning CS0219: The variable 'derivationConstant' is assigned but its value is never used [/Users/mistial/Projects/Gp4Net/tests/Gp4Net.Tests/Gp4Net.Tests.csproj]
/Users/mistial/Projects/Gp4Net/tests/Gp4Net.Tests/Cryptography/Scp03KdfStructureTests.cs(58,13): warning CS0219: The variable 'keyLengthBits' is assigned but its value is never used [/Users/mistial/Projects/Gp4Net/tests/Gp4Net.Tests/Gp4Net.Tests.csproj]
/Users/mistial/Projects/Gp4Net/tests/Gp4Net.Tests/Cryptography/Scp03KdfStructureTests.cs(62,13): warning CS0219: The variable 'expectedLength' is assigned but its value is never used [/Users/mistial/Projects/Gp4Net/tests/Gp4Net.Tests/Gp4Net.Tests.csproj]
/Users/mistial/Projects/Gp4Net/tests/Gp4Net.Tests/Integration/TraceBasedTestBase.cs(40,26): warning CS1998: This async method lacks 'await' operators and will run synchronously. Consider using the 'await' operator to await non-blocking API calls, or 'await Task.Run(...)' to do CPU-bound work on a background thread. [/Users/mistial/Projects/Gp4Net/tests/Gp4Net.Tests/Gp4Net.Tests.csproj]
/Users/mistial/Projects/Gp4Net/tests/Gp4Net.Tests/Functional/VirtualCardTests.cs(183,44): warning CS0618: 'InstallCommand.InstallForLoadCommand.ToApdu()' is obsolete: 'Use IApduTransport.TransmitAsync instead of manual APDU building' [/Users/mistial/Projects/Gp4Net/tests/Gp4Net.Tests/Gp4Net.Tests.csproj]
/Users/mistial/Projects/Gp4Net/tests/Gp4Net.Tests/Core/Tlv/TlvParserTests.cs(236,9): warning CS8629: Nullable value type may be null. [/Users/mistial/Projects/Gp4Net/tests/Gp4Net.Tests/Gp4Net.Tests.csproj]
/Users/mistial/Projects/Gp4Net/tests/Gp4Net.Tests/Transport/T0ApduTransportTests.cs(149,34): warning CS8600: Converting null literal or possible null value to non-nullable type. [/Users/mistial/Projects/Gp4Net/tests/Gp4Net.Tests/Gp4Net.Tests.csproj]
/Users/mistial/Projects/Gp4Net/tests/Gp4Net.Tests/Domain/Commands/DataObjectParserTests.cs(201,23): warning CS8600: Converting null literal or possible null value to non-nullable type. [/Users/mistial/Projects/Gp4Net/tests/Gp4Net.Tests/Gp4Net.Tests.csproj]
/Users/mistial/Projects/Gp4Net/tests/Gp4Net.Tests/Domain/Commands/ExternalAuthenticateCommandTests.cs(109,20): warning CS0618: 'ExternalAuthenticateCommand.GetApdu()' is obsolete: 'Use IApduTransport.TransmitAsync instead of manual APDU building' [/Users/mistial/Projects/Gp4Net/tests/Gp4Net.Tests/Gp4Net.Tests.csproj]
/Users/mistial/Projects/Gp4Net/tests/Gp4Net.Tests/Domain/Commands/ExternalAuthenticateCommandTests.cs(134,20): warning CS0618: 'ExternalAuthenticateCommand.GetApdu()' is obsolete: 'Use IApduTransport.TransmitAsync instead of manual APDU building' [/Users/mistial/Projects/Gp4Net/tests/Gp4Net.Tests/Gp4Net.Tests.csproj]
/Users/mistial/Projects/Gp4Net/tests/Gp4Net.Tests/Protocol/Scp03TestVectors.cs(203,27): warning CS8618: Non-nullable property 'Name' must contain a non-null value when exiting constructor. Consider adding the 'required' modifier or declaring the property as nullable. [/Users/mistial/Projects/Gp4Net/tests/Gp4Net.Tests/Gp4Net.Tests.csproj]
/Users/mistial/Projects/Gp4Net/tests/Gp4Net.Tests/Protocol/Scp03TestVectors.cs(204,27): warning CS8618: Non-nullable property 'Kdk' must contain a non-null value when exiting constructor. Consider adding the 'required' modifier or declaring the property as nullable. [/Users/mistial/Projects/Gp4Net/tests/Gp4Net.Tests/Gp4Net.Tests.csproj]
/Users/mistial/Projects/Gp4Net/tests/Gp4Net.Tests/Protocol/Scp03TestVectors.cs(205,27): warning CS8618: Non-nullable property 'Context' must contain a non-null value when exiting constructor. Consider adding the 'required' modifier or declaring the property as nullable. [/Users/mistial/Projects/Gp4Net/tests/Gp4Net.Tests/Gp4Net.Tests.csproj]
/Users/mistial/Projects/Gp4Net/tests/Gp4Net.Tests/Protocol/Scp03TestVectors.cs(162,27): warning CS8618: Non-nullable property 'Name' must contain a non-null value when exiting constructor. Consider adding the 'required' modifier or declaring the property as nullable. [/Users/mistial/Projects/Gp4Net/tests/Gp4Net.Tests/Gp4Net.Tests.csproj]
/Users/mistial/Projects/Gp4Net/tests/Gp4Net.Tests/Protocol/Scp03TestVectors.cs(163,27): warning CS8618: Non-nullable property 'StaticKeyEnc' must contain a non-null value when exiting constructor. Consider adding the 'required' modifier or declaring the property as nullable. [/Users/mistial/Projects/Gp4Net/tests/Gp4Net.Tests/Gp4Net.Tests.csproj]
/Users/mistial/Projects/Gp4Net/tests/Gp4Net.Tests/Protocol/Scp03TestVectors.cs(164,27): warning CS8618: Non-nullable property 'SequenceCounter' must contain a non-null value when exiting constructor. Consider adding the 'required' modifier or declaring the property as nullable. [/Users/mistial/Projects/Gp4Net/tests/Gp4Net.Tests/Gp4Net.Tests.csproj]
/Users/mistial/Projects/Gp4Net/tests/Gp4Net.Tests/Protocol/Scp03TestVectors.cs(165,27): warning CS8618: Non-nullable property 'Aid' must contain a non-null value when exiting constructor. Consider adding the 'required' modifier or declaring the property as nullable. [/Users/mistial/Projects/Gp4Net/tests/Gp4Net.Tests/Gp4Net.Tests.csproj]
/Users/mistial/Projects/Gp4Net/tests/Gp4Net.Tests/Protocol/Scp03TestVectors.cs(166,27): warning CS8618: Non-nullable property 'ExpectedChallenge' must contain a non-null value when exiting constructor. Consider adding the 'required' modifier or declaring the property as nullable. [/Users/mistial/Projects/Gp4Net/tests/Gp4Net.Tests/Gp4Net.Tests.csproj]
/Users/mistial/Projects/Gp4Net/tests/Gp4Net.Tests/Protocol/Scp03TestVectors.cs(134,27): warning CS8618: Non-nullable property 'Name' must contain a non-null value when exiting constructor. Consider adding the 'required' modifier or declaring the property as nullable. [/Users/mistial/Projects/Gp4Net/tests/Gp4Net.Tests/Gp4Net.Tests.csproj]
/Users/mistial/Projects/Gp4Net/tests/Gp4Net.Tests/Protocol/Scp03TestVectors.cs(135,27): warning CS8618: Non-nullable property 'SEncKey' must contain a non-null value when exiting constructor. Consider adding the 'required' modifier or declaring the property as nullable. [/Users/mistial/Projects/Gp4Net/tests/Gp4Net.Tests/Gp4Net.Tests.csproj]
/Users/mistial/Projects/Gp4Net/tests/Gp4Net.Tests/Protocol/Scp03TestVectors.cs(137,27): warning CS8618: Non-nullable property 'ExpectedCommandIcv' must contain a non-null value when exiting constructor. Consider adding the 'required' modifier or declaring the property as nullable. [/Users/mistial/Projects/Gp4Net/tests/Gp4Net.Tests/Gp4Net.Tests.csproj]
/Users/mistial/Projects/Gp4Net/tests/Gp4Net.Tests/Protocol/Scp03TestVectors.cs(138,27): warning CS8618: Non-nullable property 'ExpectedResponseIcv' must contain a non-null value when exiting constructor. Consider adding the 'required' modifier or declaring the property as nullable. [/Users/mistial/Projects/Gp4Net/tests/Gp4Net.Tests/Gp4Net.Tests.csproj]
/Users/mistial/Projects/Gp4Net/tests/Gp4Net.Tests/Protocol/Scp03TestVectors.cs(70,23): warning CS8618: Non-nullable property 'Description' must contain a non-null value when exiting constructor. Consider adding the 'required' modifier or declaring the property as nullable. [/Users/mistial/Projects/Gp4Net/tests/Gp4Net.Tests/Gp4Net.Tests.csproj]
/Users/mistial/Projects/Gp4Net/tests/Gp4Net.Tests/Protocol/Scp03TestVectors.cs(71,23): warning CS8618: Non-nullable property 'Command' must contain a non-null value when exiting constructor. Consider adding the 'required' modifier or declaring the property as nullable. [/Users/mistial/Projects/Gp4Net/tests/Gp4Net.Tests/Gp4Net.Tests.csproj]
/Users/mistial/Projects/Gp4Net/tests/Gp4Net.Tests/Protocol/Scp03TestVectors.cs(72,23): warning CS8618: Non-nullable property 'ExpectedResponse' must contain a non-null value when exiting constructor. Consider adding the 'required' modifier or declaring the property as nullable. [/Users/mistial/Projects/Gp4Net/tests/Gp4Net.Tests/Gp4Net.Tests.csproj]
/Users/mistial/Projects/Gp4Net/tests/Gp4Net.Tests/Protocol/Scp03TestVectors.cs(73,23): warning CS8618: Non-nullable property 'ExpectedMac' must contain a non-null value when exiting constructor. Consider adding the 'required' modifier or declaring the property as nullable. [/Users/mistial/Projects/Gp4Net/tests/Gp4Net.Tests/Gp4Net.Tests.csproj]
/Users/mistial/Projects/Gp4Net/tests/Gp4Net.Tests/Protocol/Scp03TestVectors.cs(74,23): warning CS8618: Non-nullable property 'ExpectedEncryptedData' must contain a non-null value when exiting constructor. Consider adding the 'required' modifier or declaring the property as nullable. [/Users/mistial/Projects/Gp4Net/tests/Gp4Net.Tests/Gp4Net.Tests.csproj]
/Users/mistial/Projects/Gp4Net/tests/Gp4Net.Tests/Protocol/Scp03TestVectors.cs(40,23): warning CS8618: Non-nullable property 'Name' must contain a non-null value when exiting constructor. Consider adding the 'required' modifier or declaring the property as nullable. [/Users/mistial/Projects/Gp4Net/tests/Gp4Net.Tests/Gp4Net.Tests.csproj]
/Users/mistial/Projects/Gp4Net/tests/Gp4Net.Tests/Protocol/Scp03TestVectors.cs(41,23): warning CS8618: Non-nullable property 'Description' must contain a non-null value when exiting constructor. Consider adding the 'required' modifier or declaring the property as nullable. [/Users/mistial/Projects/Gp4Net/tests/Gp4Net.Tests/Gp4Net.Tests.csproj]
/Users/mistial/Projects/Gp4Net/tests/Gp4Net.Tests/Protocol/Scp03TestVectors.cs(44,23): warning CS8618: Non-nullable property 'StaticKeyEnc' must contain a non-null value when exiting constructor. Consider adding the 'required' modifier or declaring the property as nullable. [/Users/mistial/Projects/Gp4Net/tests/Gp4Net.Tests/Gp4Net.Tests.csproj]
/Users/mistial/Projects/Gp4Net/tests/Gp4Net.Tests/Protocol/Scp03TestVectors.cs(45,23): warning CS8618: Non-nullable property 'StaticKeyMac' must contain a non-null value when exiting constructor. Consider adding the 'required' modifier or declaring the property as nullable. [/Users/mistial/Projects/Gp4Net/tests/Gp4Net.Tests/Gp4Net.Tests.csproj]
/Users/mistial/Projects/Gp4Net/tests/Gp4Net.Tests/Protocol/Scp03TestVectors.cs(46,23): warning CS8618: Non-nullable property 'StaticKeyDek' must contain a non-null value when exiting constructor. Consider adding the 'required' modifier or declaring the property as nullable. [/Users/mistial/Projects/Gp4Net/tests/Gp4Net.Tests/Gp4Net.Tests.csproj]
/Users/mistial/Projects/Gp4Net/tests/Gp4Net.Tests/Protocol/Scp03TestVectors.cs(49,23): warning CS8618: Non-nullable property 'HostChallenge' must contain a non-null value when exiting constructor. Consider adding the 'required' modifier or declaring the property as nullable. [/Users/mistial/Projects/Gp4Net/tests/Gp4Net.Tests/Gp4Net.Tests.csproj]
/Users/mistial/Projects/Gp4Net/tests/Gp4Net.Tests/Protocol/Scp03TestVectors.cs(50,23): warning CS8618: Non-nullable property 'CardChallenge' must contain a non-null value when exiting constructor. Consider adding the 'required' modifier or declaring the property as nullable. [/Users/mistial/Projects/Gp4Net/tests/Gp4Net.Tests/Gp4Net.Tests.csproj]
/Users/mistial/Projects/Gp4Net/tests/Gp4Net.Tests/Protocol/Scp03TestVectors.cs(53,23): warning CS8618: Non-nullable property 'ExpectedSEnc' must contain a non-null value when exiting constructor. Consider adding the 'required' modifier or declaring the property as nullable. [/Users/mistial/Projects/Gp4Net/tests/Gp4Net.Tests/Gp4Net.Tests.csproj]
/Users/mistial/Projects/Gp4Net/tests/Gp4Net.Tests/Protocol/Scp03TestVectors.cs(54,23): warning CS8618: Non-nullable property 'ExpectedSMac' must contain a non-null value when exiting constructor. Consider adding the 'required' modifier or declaring the property as nullable. [/Users/mistial/Projects/Gp4Net/tests/Gp4Net.Tests/Gp4Net.Tests.csproj]
/Users/mistial/Projects/Gp4Net/tests/Gp4Net.Tests/Protocol/Scp03TestVectors.cs(55,23): warning CS8618: Non-nullable property 'ExpectedSRMac' must contain a non-null value when exiting constructor. Consider adding the 'required' modifier or declaring the property as nullable. [/Users/mistial/Projects/Gp4Net/tests/Gp4Net.Tests/Gp4Net.Tests.csproj]
/Users/mistial/Projects/Gp4Net/tests/Gp4Net.Tests/Protocol/Scp03TestVectors.cs(58,23): warning CS8618: Non-nullable property 'ExpectedCardCryptogram' must contain a non-null value when exiting constructor. Consider adding the 'required' modifier or declaring the property as nullable. [/Users/mistial/Projects/Gp4Net/tests/Gp4Net.Tests/Gp4Net.Tests.csproj]
/Users/mistial/Projects/Gp4Net/tests/Gp4Net.Tests/Protocol/Scp03TestVectors.cs(59,23): warning CS8618: Non-nullable property 'ExpectedHostCryptogram' must contain a non-null value when exiting constructor. Consider adding the 'required' modifier or declaring the property as nullable. [/Users/mistial/Projects/Gp4Net/tests/Gp4Net.Tests/Gp4Net.Tests.csproj]
/Users/mistial/Projects/Gp4Net/tests/Gp4Net.Tests/Protocol/Scp03TestVectors.cs(62,38): warning CS8618: Non-nullable property 'CommandResponses' must contain a non-null value when exiting constructor. Consider adding the 'required' modifier or declaring the property as nullable. [/Users/mistial/Projects/Gp4Net/tests/Gp4Net.Tests/Gp4Net.Tests.csproj]
/Users/mistial/Projects/Gp4Net/tests/Gp4Net.Tests/Domain/Commands/ExternalAuthenticateCommandTests.cs(162,20): warning CS0618: 'ExternalAuthenticateCommand.GetApdu()' is obsolete: 'Use IApduTransport.TransmitAsync instead of manual APDU building' [/Users/mistial/Projects/Gp4Net/tests/Gp4Net.Tests/Gp4Net.Tests.csproj]
/Users/mistial/Projects/Gp4Net/tests/Gp4Net.Tests/Domain/Commands/ExternalAuthenticateCommandTests.cs(180,21): warning CS0618: 'ExternalAuthenticateCommand.GetApdu()' is obsolete: 'Use IApduTransport.TransmitAsync instead of manual APDU building' [/Users/mistial/Projects/Gp4Net/tests/Gp4Net.Tests/Gp4Net.Tests.csproj]
/Users/mistial/Projects/Gp4Net/tests/Gp4Net.Tests/Domain/Commands/ExternalAuthenticateCommandTests.cs(181,21): warning CS0618: 'ExternalAuthenticateCommand.GetApdu()' is obsolete: 'Use IApduTransport.TransmitAsync instead of manual APDU building' [/Users/mistial/Projects/Gp4Net/tests/Gp4Net.Tests/Gp4Net.Tests.csproj]
/Users/mistial/Projects/Gp4Net/tests/Gp4Net.Tests/Tool/Services/WsctCardServiceTests.cs(544,16): warning CS0219: The variable 'expectedSw' is assigned but its value is never used [/Users/mistial/Projects/Gp4Net/tests/Gp4Net.Tests/Gp4Net.Tests.csproj]
/Users/mistial/Projects/Gp4Net/tests/Gp4Net.Tests/Integration/CapLoadingIntegrationTests.cs(172,34): warning CS0618: 'InstallCommand.InstallForLoadCommand.ToApdu()' is obsolete: 'Use IApduTransport.TransmitAsync instead of manual APDU building' [/Users/mistial/Projects/Gp4Net/tests/Gp4Net.Tests/Gp4Net.Tests.csproj]
/Users/mistial/Projects/Gp4Net/tests/Gp4Net.Tests/Integration/CapLoadingIntegrationTests.cs(155,13): warning CS0219: The variable 'expectedInstallForLoadApdu' is assigned but its value is never used [/Users/mistial/Projects/Gp4Net/tests/Gp4Net.Tests/Gp4Net.Tests.csproj]
/Users/mistial/Projects/Gp4Net/tests/Gp4Net.Tests/Integration/CapLoadingIntegrationTests.cs(157,13): warning CS0219: The variable 'expectedFirstLoadPrefix' is assigned but its value is never used [/Users/mistial/Projects/Gp4Net/tests/Gp4Net.Tests/Gp4Net.Tests.csproj]
/Users/mistial/Projects/Gp4Net/tests/Gp4Net.Tests/Domain/Commands/SelectResponseTests.cs(301,9): warning CS8602: Dereference of a possibly null reference. [/Users/mistial/Projects/Gp4Net/tests/Gp4Net.Tests/Gp4Net.Tests.csproj]
/Users/mistial/Projects/Gp4Net/tests/Gp4Net.Tests/Domain/Commands/SelectResponseTests.cs(302,9): warning CS8602: Dereference of a possibly null reference. [/Users/mistial/Projects/Gp4Net/tests/Gp4Net.Tests/Gp4Net.Tests.csproj]
/Users/mistial/Projects/Gp4Net/tests/Gp4Net.Tests/Domain/Commands/SelectResponseTests.cs(303,9): warning CS8602: Dereference of a possibly null reference. [/Users/mistial/Projects/Gp4Net/tests/Gp4Net.Tests/Gp4Net.Tests.csproj]
/Users/mistial/Projects/Gp4Net/tests/Gp4Net.Tests/Domain/Commands/SelectResponseTests.cs(304,9): warning CS8602: Dereference of a possibly null reference. [/Users/mistial/Projects/Gp4Net/tests/Gp4Net.Tests/Gp4Net.Tests.csproj]
/Users/mistial/Projects/Gp4Net/tests/Gp4Net.Tests/Domain/Commands/SelectResponseTests.cs(305,9): warning CS8602: Dereference of a possibly null reference. [/Users/mistial/Projects/Gp4Net/tests/Gp4Net.Tests/Gp4Net.Tests.csproj]
/Users/mistial/Projects/Gp4Net/tests/Gp4Net.Tests/Domain/Commands/ExternalAuthenticateCommandTests.cs(224,20): warning CS0618: 'ExternalAuthenticateCommand.GetApdu()' is obsolete: 'Use IApduTransport.TransmitAsync instead of manual APDU building' [/Users/mistial/Projects/Gp4Net/tests/Gp4Net.Tests/Gp4Net.Tests.csproj]
/Users/mistial/Projects/Gp4Net/tests/Gp4Net.Tests/Domain/Commands/ExternalAuthenticateCommandTests.cs(254,24): warning CS0618: 'ExternalAuthenticateCommand.GetApdu()' is obsolete: 'Use IApduTransport.TransmitAsync instead of manual APDU building' [/Users/mistial/Projects/Gp4Net/tests/Gp4Net.Tests/Gp4Net.Tests.csproj]
/Users/mistial/Projects/Gp4Net/tests/Gp4Net.Tests/Domain/Commands/GetDataResponseExtensionsTests.cs(55,23): warning CS8600: Converting null literal or possible null value to non-nullable type. [/Users/mistial/Projects/Gp4Net/tests/Gp4Net.Tests/Gp4Net.Tests.csproj]
/Users/mistial/Projects/Gp4Net/tests/Gp4Net.Tests/Domain/Commands/GetDataResponseExtensionsTests.cs(108,23): warning CS8600: Converting null literal or possible null value to non-nullable type. [/Users/mistial/Projects/Gp4Net/tests/Gp4Net.Tests/Gp4Net.Tests.csproj]
/Users/mistial/Projects/Gp4Net/tests/Gp4Net.Tests/Domain/Commands/GetDataResponseExtensionsTests.cs(161,23): warning CS8600: Converting null literal or possible null value to non-nullable type. [/Users/mistial/Projects/Gp4Net/tests/Gp4Net.Tests/Gp4Net.Tests.csproj]
/Users/mistial/Projects/Gp4Net/tests/Gp4Net.Tests/Conformance/Scp03ConformanceTests.cs(38,39): warning CS8618: Non-nullable field '_cardServiceAdapter' must contain a non-null value when exiting constructor. Consider adding the 'required' modifier or declaring the field as nullable. [/Users/mistial/Projects/Gp4Net/tests/Gp4Net.Tests/Gp4Net.Tests.csproj]
/Users/mistial/Projects/Gp4Net/tests/Gp4Net.Tests/Integration/Scp03TraceTests.cs(143,13): warning CS0219: The variable 'commandCount' is assigned but its value is never used [/Users/mistial/Projects/Gp4Net/tests/Gp4Net.Tests/Gp4Net.Tests.csproj]
/Users/mistial/Projects/Gp4Net/tests/Gp4Net.Tests/Integration/Scp03TraceTests.cs(144,13): warning CS0219: The variable 'successCount' is assigned but its value is never used [/Users/mistial/Projects/Gp4Net/tests/Gp4Net.Tests/Gp4Net.Tests.csproj]
/Users/mistial/Projects/Gp4Net/tests/Gp4Net.Tests/Domain/Commands/SelectResponseTests.cs(115,9): warning CS8602: Dereference of a possibly null reference. [/Users/mistial/Projects/Gp4Net/tests/Gp4Net.Tests/Gp4Net.Tests.csproj]
/Users/mistial/Projects/Gp4Net/tests/Gp4Net.Tests/Tool/Services/WsctCardServiceTests.cs(25,29): warning CS8618: Non-nullable field '_service' must contain a non-null value when exiting constructor. Consider adding the 'required' modifier or declaring the field as nullable. [/Users/mistial/Projects/Gp4Net/tests/Gp4Net.Tests/Gp4Net.Tests.csproj]
/Users/mistial/Projects/Gp4Net/tests/Gp4Net.Tests/Domain/Commands/SelectResponseTests.cs(134,9): warning CS8602: Dereference of a possibly null reference. [/Users/mistial/Projects/Gp4Net/tests/Gp4Net.Tests/Gp4Net.Tests.csproj]
/Users/mistial/Projects/Gp4Net/tests/Gp4Net.Tests/Domain/Commands/GetDataResponseExtensionsTests.cs(218,23): warning CS8600: Converting null literal or possible null value to non-nullable type. [/Users/mistial/Projects/Gp4Net/tests/Gp4Net.Tests/Gp4Net.Tests.csproj]
/Users/mistial/Projects/Gp4Net/tests/Gp4Net.Tests/Domain/Commands/SelectResponseTests.cs(152,9): warning CS8602: Dereference of a possibly null reference. [/Users/mistial/Projects/Gp4Net/tests/Gp4Net.Tests/Gp4Net.Tests.csproj]
/Users/mistial/Projects/Gp4Net/tests/Gp4Net.Tests/Domain/Commands/SelectResponseTests.cs(170,9): warning CS8602: Dereference of a possibly null reference. [/Users/mistial/Projects/Gp4Net/tests/Gp4Net.Tests/Gp4Net.Tests.csproj]
/Users/mistial/Projects/Gp4Net/tests/Gp4Net.Tests/Domain/Commands/InitializeUpdateCommandTests.cs(52,20): warning CS0618: 'InitializeUpdateCommand.GetApdu()' is obsolete: 'Use IApduTransport.TransmitAsync instead of manual APDU building' [/Users/mistial/Projects/Gp4Net/tests/Gp4Net.Tests/Gp4Net.Tests.csproj]
/Users/mistial/Projects/Gp4Net/tests/Gp4Net.Tests/Domain/Commands/InitializeUpdateCommandTests.cs(73,24): warning CS0618: 'InitializeUpdateCommand.GetApdu()' is obsolete: 'Use IApduTransport.TransmitAsync instead of manual APDU building' [/Users/mistial/Projects/Gp4Net/tests/Gp4Net.Tests/Gp4Net.Tests.csproj]
/Users/mistial/Projects/Gp4Net/tests/Gp4Net.Tests/Domain/Commands/InitializeUpdateCommandTests.cs(89,24): warning CS0618: 'InitializeUpdateCommand.GetApdu()' is obsolete: 'Use IApduTransport.TransmitAsync instead of manual APDU building' [/Users/mistial/Projects/Gp4Net/tests/Gp4Net.Tests/Gp4Net.Tests.csproj]
/Users/mistial/Projects/Gp4Net/tests/Gp4Net.Tests/Domain/Commands/InitializeUpdateCommandTests.cs(103,20): warning CS0618: 'InitializeUpdateCommand.GetApdu()' is obsolete: 'Use IApduTransport.TransmitAsync instead of manual APDU building' [/Users/mistial/Projects/Gp4Net/tests/Gp4Net.Tests/Gp4Net.Tests.csproj]
/Users/mistial/Projects/Gp4Net/tests/Gp4Net.Tests/Domain/Commands/InitializeUpdateCommandTests.cs(114,21): warning CS0618: 'InitializeUpdateCommand.GetApdu()' is obsolete: 'Use IApduTransport.TransmitAsync instead of manual APDU building' [/Users/mistial/Projects/Gp4Net/tests/Gp4Net.Tests/Gp4Net.Tests.csproj]
/Users/mistial/Projects/Gp4Net/tests/Gp4Net.Tests/Domain/Commands/InitializeUpdateCommandTests.cs(115,21): warning CS0618: 'InitializeUpdateCommand.GetApdu()' is obsolete: 'Use IApduTransport.TransmitAsync instead of manual APDU building' [/Users/mistial/Projects/Gp4Net/tests/Gp4Net.Tests/Gp4Net.Tests.csproj]
/Users/mistial/Projects/Gp4Net/tests/Gp4Net.Tests/Domain/Commands/InitializeUpdateCommandTests.cs(148,20): warning CS0618: 'InitializeUpdateCommand.GetApdu()' is obsolete: 'Use IApduTransport.TransmitAsync instead of manual APDU building' [/Users/mistial/Projects/Gp4Net/tests/Gp4Net.Tests/Gp4Net.Tests.csproj]
/Users/mistial/Projects/Gp4Net/tests/Gp4Net.Tests/Domain/Commands/SelectCommandTests.cs(128,20): warning CS0618: 'SelectCommand.ToApdu()' is obsolete: 'Use IApduTransport.TransmitAsync instead of manual APDU building' [/Users/mistial/Projects/Gp4Net/tests/Gp4Net.Tests/Gp4Net.Tests.csproj]
/Users/mistial/Projects/Gp4Net/tests/Gp4Net.Tests/Domain/Commands/SelectCommandTests.cs(140,20): warning CS0618: 'SelectCommand.ToApdu()' is obsolete: 'Use IApduTransport.TransmitAsync instead of manual APDU building' [/Users/mistial/Projects/Gp4Net/tests/Gp4Net.Tests/Gp4Net.Tests.csproj]
/Users/mistial/Projects/Gp4Net/tests/Gp4Net.Tests/Domain/Commands/SelectCommandTests.cs(156,20): warning CS0618: 'SelectCommand.ToApdu()' is obsolete: 'Use IApduTransport.TransmitAsync instead of manual APDU building' [/Users/mistial/Projects/Gp4Net/tests/Gp4Net.Tests/Gp4Net.Tests.csproj]
/Users/mistial/Projects/Gp4Net/tests/Gp4Net.Tests/Domain/Commands/SelectCommandTests.cs(227,23): warning CS0618: 'SelectCommand.CreateEmptySelect(SelectCommand.FileControlInfo)' is obsolete: 'Use CreateForIssuerSecurityDomain() instead' [/Users/mistial/Projects/Gp4Net/tests/Gp4Net.Tests/Gp4Net.Tests.csproj]
/Users/mistial/Projects/Gp4Net/tests/Gp4Net.Tests/Domain/Commands/SelectCommandTests.cs(237,23): warning CS0618: 'SelectCommand.CreateEmptySelect(SelectCommand.FileControlInfo)' is obsolete: 'Use CreateForIssuerSecurityDomain() instead' [/Users/mistial/Projects/Gp4Net/tests/Gp4Net.Tests/Gp4Net.Tests.csproj]
/Users/mistial/Projects/Gp4Net/tests/Gp4Net.Tests/Domain/Commands/SelectCommandTests.cs(273,23): warning CS0618: 'SelectCommand.CreateEmptySelect(SelectCommand.FileControlInfo)' is obsolete: 'Use CreateForIssuerSecurityDomain() instead' [/Users/mistial/Projects/Gp4Net/tests/Gp4Net.Tests/Gp4Net.Tests.csproj]
/Users/mistial/Projects/Gp4Net/tests/Gp4Net.Tests/Domain/Commands/SelectCommandTests.cs(281,23): warning CS0618: 'SelectCommand.CreateEmptySelect(SelectCommand.FileControlInfo)' is obsolete: 'Use CreateForIssuerSecurityDomain() instead' [/Users/mistial/Projects/Gp4Net/tests/Gp4Net.Tests/Gp4Net.Tests.csproj]
/Users/mistial/Projects/Gp4Net/tests/Gp4Net.Tests/Domain/Commands/SelectCommandTests.cs(289,23): warning CS0618: 'SelectCommand.CreateEmptySelect(SelectCommand.FileControlInfo)' is obsolete: 'Use CreateForIssuerSecurityDomain() instead' [/Users/mistial/Projects/Gp4Net/tests/Gp4Net.Tests/Gp4Net.Tests.csproj]
/Users/mistial/Projects/Gp4Net/tests/Gp4Net.Tests/Domain/Commands/SelectCommandTests.cs(297,23): warning CS0618: 'SelectCommand.CreateEmptySelect(SelectCommand.FileControlInfo)' is obsolete: 'Use CreateForIssuerSecurityDomain() instead' [/Users/mistial/Projects/Gp4Net/tests/Gp4Net.Tests/Gp4Net.Tests.csproj]
/Users/mistial/Projects/Gp4Net/tests/Gp4Net.Tests/Domain/Commands/SelectCommandTests.cs(305,23): warning CS0618: 'SelectCommand.CreateEmptySelect(SelectCommand.FileControlInfo)' is obsolete: 'Use CreateForIssuerSecurityDomain() instead' [/Users/mistial/Projects/Gp4Net/tests/Gp4Net.Tests/Gp4Net.Tests.csproj]
/Users/mistial/Projects/Gp4Net/tests/Gp4Net.Tests/Domain/Commands/SelectCommandTests.cs(307,20): warning CS0618: 'SelectCommand.ToApdu()' is obsolete: 'Use IApduTransport.TransmitAsync instead of manual APDU building' [/Users/mistial/Projects/Gp4Net/tests/Gp4Net.Tests/Gp4Net.Tests.csproj]
/Users/mistial/Projects/Gp4Net/tests/Gp4Net.Tests/Domain/Commands/SelectCommandTests.cs(315,23): warning CS0618: 'SelectCommand.CreateEmptySelect(SelectCommand.FileControlInfo)' is obsolete: 'Use CreateForIssuerSecurityDomain() instead' [/Users/mistial/Projects/Gp4Net/tests/Gp4Net.Tests/Gp4Net.Tests.csproj]
/Users/mistial/Projects/Gp4Net/tests/Gp4Net.Tests/Domain/Commands/SelectCommandTests.cs(317,20): warning CS0618: 'SelectCommand.ToApdu()' is obsolete: 'Use IApduTransport.TransmitAsync instead of manual APDU building' [/Users/mistial/Projects/Gp4Net/tests/Gp4Net.Tests/Gp4Net.Tests.csproj]
/Users/mistial/Projects/Gp4Net/tests/Gp4Net.Tests/Domain/Commands/SelectCommandTests.cs(325,23): warning CS0618: 'SelectCommand.CreateEmptySelect(SelectCommand.FileControlInfo)' is obsolete: 'Use CreateForIssuerSecurityDomain() instead' [/Users/mistial/Projects/Gp4Net/tests/Gp4Net.Tests/Gp4Net.Tests.csproj]
/Users/mistial/Projects/Gp4Net/tests/Gp4Net.Tests/Domain/Commands/SelectCommandTests.cs(327,20): warning CS0618: 'SelectCommand.ToApdu()' is obsolete: 'Use IApduTransport.TransmitAsync instead of manual APDU building' [/Users/mistial/Projects/Gp4Net/tests/Gp4Net.Tests/Gp4Net.Tests.csproj]
/Users/mistial/Projects/Gp4Net/tests/Gp4Net.Tests/Domain/Commands/SelectCommandTests.cs(336,23): warning CS0618: 'SelectCommand.CreateEmptySelect(SelectCommand.FileControlInfo)' is obsolete: 'Use CreateForIssuerSecurityDomain() instead' [/Users/mistial/Projects/Gp4Net/tests/Gp4Net.Tests/Gp4Net.Tests.csproj]
/Users/mistial/Projects/Gp4Net/tests/Gp4Net.Tests/Domain/Commands/SelectCommandTests.cs(342,29): warning CS0618: 'SelectCommand.CreateEmptySelect(SelectCommand.FileControlInfo)' is obsolete: 'Use CreateForIssuerSecurityDomain() instead' [/Users/mistial/Projects/Gp4Net/tests/Gp4Net.Tests/Gp4Net.Tests.csproj]
/Users/mistial/Projects/Gp4Net/tests/Gp4Net.Tests/Domain/Commands/SelectCommandTests.cs(344,20): warning CS0618: 'SelectCommand.ToApdu()' is obsolete: 'Use IApduTransport.TransmitAsync instead of manual APDU building' [/Users/mistial/Projects/Gp4Net/tests/Gp4Net.Tests/Gp4Net.Tests.csproj]
/Users/mistial/Projects/Gp4Net/tests/Gp4Net.Tests/Domain/Commands/SelectCommandTests.cs(362,27): warning CS0618: 'SelectCommand.CreateEmptySelect(SelectCommand.FileControlInfo)' is obsolete: 'Use CreateForIssuerSecurityDomain() instead' [/Users/mistial/Projects/Gp4Net/tests/Gp4Net.Tests/Gp4Net.Tests.csproj]
/Users/mistial/Projects/Gp4Net/tests/Gp4Net.Tests/Domain/Commands/InstallCommandTests.cs(179,20): warning CS0618: 'InstallCommand.InstallForLoadCommand.ToApdu()' is obsolete: 'Use IApduTransport.TransmitAsync instead of manual APDU building' [/Users/mistial/Projects/Gp4Net/tests/Gp4Net.Tests/Gp4Net.Tests.csproj]
/Users/mistial/Projects/Gp4Net/tests/Gp4Net.Tests/Domain/Commands/LoadCommandTests.cs(182,52): warning CS8600: Converting null literal or possible null value to non-nullable type. [/Users/mistial/Projects/Gp4Net/tests/Gp4Net.Tests/Gp4Net.Tests.csproj]
/Users/mistial/Projects/Gp4Net/tests/Gp4Net.Tests/Domain/Commands/SelectCommandAutoDetectionTests.cs(36,20): warning CS0618: 'SelectCommand.ToApdu()' is obsolete: 'Use IApduTransport.TransmitAsync instead of manual APDU building' [/Users/mistial/Projects/Gp4Net/tests/Gp4Net.Tests/Gp4Net.Tests.csproj]
/Users/mistial/Projects/Gp4Net/tests/Gp4Net.Tests/Domain/Commands/SelectCommandAutoDetectionTests.cs(105,29): warning CS8604: Possible null reference argument for parameter 'inArray' in 'string Convert.ToHexString(byte[] inArray)'. [/Users/mistial/Projects/Gp4Net/tests/Gp4Net.Tests/Gp4Net.Tests.csproj]
/Users/mistial/Projects/Gp4Net/tests/Gp4Net.Tests/Integration/Scp03TraceTests.cs(158,21): warning NUnit2007: The actual value should not be a constant - perhaps the actual value and the expected value have switched places (https://github.com/nunit/nunit.analyzers/tree/master/documentation/NUnit2007.md) [/Users/mistial/Projects/Gp4Net/tests/Gp4Net.Tests/Gp4Net.Tests.csproj]
  Gp4Net.Tests -> /Users/mistial/Projects/Gp4Net/tests/Gp4Net.Tests/bin/Debug/net9.0/Gp4Net.Tests.dll

Build succeeded.

/Users/mistial/Projects/Gp4Net/src/Gp4Net/Constants/TlvConstants.cs(33,59): warning CS1570: XML comment has badly formed XML -- 'Whitespace is not allowed at this location.' [/Users/mistial/Projects/Gp4Net/src/Gp4Net/Gp4Net.csproj]
/Users/mistial/Projects/Gp4Net/src/Gp4Net/Cryptography/IKeyDerivationService.cs(14,7): warning CS1570: XML comment has badly formed XML -- 'End tag 'summary' does not match the start tag 'T'.' [/Users/mistial/Projects/Gp4Net/src/Gp4Net/Gp4Net.csproj]
/Users/mistial/Projects/Gp4Net/src/Gp4Net/Constants/TlvConstants.cs(38,61): warning CS1570: XML comment has badly formed XML -- 'Whitespace is not allowed at this location.' [/Users/mistial/Projects/Gp4Net/src/Gp4Net/Gp4Net.csproj]
/Users/mistial/Projects/Gp4Net/src/Gp4Net/Constants/TlvConstants.cs(43,69): warning CS1570: XML comment has badly formed XML -- 'Whitespace is not allowed at this location.' [/Users/mistial/Projects/Gp4Net/src/Gp4Net/Gp4Net.csproj]
/Users/mistial/Projects/Gp4Net/src/Gp4Net/Constants/TlvConstants.cs(48,61): warning CS1570: XML comment has badly formed XML -- 'Whitespace is not allowed at this location.' [/Users/mistial/Projects/Gp4Net/src/Gp4Net/Gp4Net.csproj]
/Users/mistial/Projects/Gp4Net/src/Gp4Net/Cryptography/IKeyDerivationService.cs(15,1): warning CS1570: XML comment has badly formed XML -- 'Expected an end tag for element 'T'.' [/Users/mistial/Projects/Gp4Net/src/Gp4Net/Gp4Net.csproj]
/Users/mistial/Projects/Gp4Net/src/Gp4Net/Cryptography/IKeyDerivationService.cs(15,1): warning CS1570: XML comment has badly formed XML -- 'Expected an end tag for element 'summary'.' [/Users/mistial/Projects/Gp4Net/src/Gp4Net/Gp4Net.csproj]
/Users/mistial/Projects/Gp4Net/src/Gp4Net/Cryptography/IKeyDerivationService.cs(36,7): warning CS1570: XML comment has badly formed XML -- 'End tag 'summary' does not match the start tag 'T'.' [/Users/mistial/Projects/Gp4Net/src/Gp4Net/Gp4Net.csproj]
/Users/mistial/Projects/Gp4Net/src/Gp4Net/Cryptography/IKeyDerivationService.cs(37,1): warning CS1570: XML comment has badly formed XML -- 'Expected an end tag for element 'summary'.' [/Users/mistial/Projects/Gp4Net/src/Gp4Net/Gp4Net.csproj]
/Users/mistial/Projects/Gp4Net/src/Gp4Net/Cryptography/DeleteTokenCalculator.cs(26,15): warning CS8632: The annotation for nullable reference types should only be used in code within a '#nullable' annotations context. [/Users/mistial/Projects/Gp4Net/src/Gp4Net/Gp4Net.csproj]
/Users/mistial/Projects/Gp4Net/src/Gp4Net/Core/SmartCardError.cs(13,14): warning CS8632: The annotation for nullable reference types should only be used in code within a '#nullable' annotations context. [/Users/mistial/Projects/Gp4Net/src/Gp4Net/Gp4Net.csproj]
/Users/mistial/Projects/Gp4Net/src/Gp4Net/Core/SmartCardError.cs(14,40): warning CS8632: The annotation for nullable reference types should only be used in code within a '#nullable' annotations context. [/Users/mistial/Projects/Gp4Net/src/Gp4Net/Gp4Net.csproj]
/Users/mistial/Projects/Gp4Net/src/Gp4Net/Domain/ApplicationInfo.cs(14,11): warning CS8632: The annotation for nullable reference types should only be used in code within a '#nullable' annotations context. [/Users/mistial/Projects/Gp4Net/src/Gp4Net/Gp4Net.csproj]
/Users/mistial/Projects/Gp4Net/src/Gp4Net/Domain/ApplicationInfo.cs(15,11): warning CS8632: The annotation for nullable reference types should only be used in code within a '#nullable' annotations context. [/Users/mistial/Projects/Gp4Net/src/Gp4Net/Gp4Net.csproj]
/Users/mistial/Projects/Gp4Net/src/Gp4Net/Services/GlobalPlatformService.cs(110,23): warning CS8632: The annotation for nullable reference types should only be used in code within a '#nullable' annotations context. [/Users/mistial/Projects/Gp4Net/src/Gp4Net/Gp4Net.csproj]
/Users/mistial/Projects/Gp4Net/src/Gp4Net/Services/GlobalPlatformService.cs(484,26): warning CS8632: The annotation for nullable reference types should only be used in code within a '#nullable' annotations context. [/Users/mistial/Projects/Gp4Net/src/Gp4Net/Gp4Net.csproj]
/Users/mistial/Projects/Gp4Net/src/Gp4Net/Pipeline/CommandPipeline.cs(19,46): warning CS8632: The annotation for nullable reference types should only be used in code within a '#nullable' annotations context. [/Users/mistial/Projects/Gp4Net/src/Gp4Net/Gp4Net.csproj]
/Users/mistial/Projects/Gp4Net/src/Gp4Net/Services/IGlobalPlatformService.cs(59,23): warning CS8632: The annotation for nullable reference types should only be used in code within a '#nullable' annotations context. [/Users/mistial/Projects/Gp4Net/src/Gp4Net/Gp4Net.csproj]
/Users/mistial/Projects/Gp4Net/src/Gp4Net/Services/GlobalPlatformService.cs(30,52): warning CS8632: The annotation for nullable reference types should only be used in code within a '#nullable' annotations context. [/Users/mistial/Projects/Gp4Net/src/Gp4Net/Gp4Net.csproj]
/Users/mistial/Projects/Gp4Net/src/Gp4Net/Core/Asn1/KnownOids.cs(33,25): warning CS8632: The annotation for nullable reference types should only be used in code within a '#nullable' annotations context. [/Users/mistial/Projects/Gp4Net/src/Gp4Net/Gp4Net.csproj]
/Users/mistial/Projects/Gp4Net/src/Gp4Net/Domain/CapFile/CapFileLoadingWorkflow.cs(90,15): warning CS8632: The annotation for nullable reference types should only be used in code within a '#nullable' annotations context. [/Users/mistial/Projects/Gp4Net/src/Gp4Net/Gp4Net.csproj]
/Users/mistial/Projects/Gp4Net/src/Gp4Net/Domain/CapFile/CapFileLoadingWorkflow.cs(248,22): warning CS8632: The annotation for nullable reference types should only be used in code within a '#nullable' annotations context. [/Users/mistial/Projects/Gp4Net/src/Gp4Net/Gp4Net.csproj]
/Users/mistial/Projects/Gp4Net/src/Gp4Net/Domain/CapFile/CapFileLoadingWorkflow.cs(32,22): warning CS8632: The annotation for nullable reference types should only be used in code within a '#nullable' annotations context. [/Users/mistial/Projects/Gp4Net/src/Gp4Net/Gp4Net.csproj]
/Users/mistial/Projects/Gp4Net/src/Gp4Net/Pipeline/CommandPipeline.cs(24,78): warning CS8632: The annotation for nullable reference types should only be used in code within a '#nullable' annotations context. [/Users/mistial/Projects/Gp4Net/src/Gp4Net/Gp4Net.csproj]
/Users/mistial/Projects/Gp4Net/src/Gp4Net/Services/GlobalPlatformService.cs(38,39): warning CS8632: The annotation for nullable reference types should only be used in code within a '#nullable' annotations context. [/Users/mistial/Projects/Gp4Net/src/Gp4Net/Gp4Net.csproj]
/Users/mistial/Projects/Gp4Net/src/Gp4Net/Domain/CapFile/CapFileLoadingWorkflow.cs(42,22): warning CS8632: The annotation for nullable reference types should only be used in code within a '#nullable' annotations context. [/Users/mistial/Projects/Gp4Net/src/Gp4Net/Gp4Net.csproj]
/Users/mistial/Projects/Gp4Net/src/Gp4Net/Domain/CapFile/CapFileLoadingWorkflow.cs(59,19): warning CS8632: The annotation for nullable reference types should only be used in code within a '#nullable' annotations context. [/Users/mistial/Projects/Gp4Net/src/Gp4Net/Gp4Net.csproj]
/Users/mistial/Projects/Gp4Net/src/Gp4Net/Domain/CapFile/CapFileLoadingWorkflow.cs(60,26): warning CS8632: The annotation for nullable reference types should only be used in code within a '#nullable' annotations context. [/Users/mistial/Projects/Gp4Net/src/Gp4Net/Gp4Net.csproj]
/Users/mistial/Projects/Gp4Net/src/Gp4Net/Domain/CapFile/CapFileLoadingWorkflow.cs(61,19): warning CS8632: The annotation for nullable reference types should only be used in code within a '#nullable' annotations context. [/Users/mistial/Projects/Gp4Net/src/Gp4Net/Gp4Net.csproj]
/Users/mistial/Projects/Gp4Net/src/Gp4Net/Domain/CapFile/CapFileLoadingWorkflow.cs(62,26): warning CS8632: The annotation for nullable reference types should only be used in code within a '#nullable' annotations context. [/Users/mistial/Projects/Gp4Net/src/Gp4Net/Gp4Net.csproj]
/Users/mistial/Projects/Gp4Net/src/Gp4Net/Domain/CardInfo/CardCapabilities.cs(38,36): warning CS8632: The annotation for nullable reference types should only be used in code within a '#nullable' annotations context. [/Users/mistial/Projects/Gp4Net/src/Gp4Net/Gp4Net.csproj]
/Users/mistial/Projects/Gp4Net/src/Gp4Net/Domain/CardInfo/CardCapabilities.cs(43,33): warning CS8632: The annotation for nullable reference types should only be used in code within a '#nullable' annotations context. [/Users/mistial/Projects/Gp4Net/src/Gp4Net/Gp4Net.csproj]
/Users/mistial/Projects/Gp4Net/src/Gp4Net/Domain/CardInfo/CardCapabilities.cs(48,31): warning CS8632: The annotation for nullable reference types should only be used in code within a '#nullable' annotations context. [/Users/mistial/Projects/Gp4Net/src/Gp4Net/Gp4Net.csproj]
/Users/mistial/Projects/Gp4Net/src/Gp4Net/Core/SmartCardError.cs(29,78): warning CS8632: The annotation for nullable reference types should only be used in code within a '#nullable' annotations context. [/Users/mistial/Projects/Gp4Net/src/Gp4Net/Gp4Net.csproj]
/Users/mistial/Projects/Gp4Net/src/Gp4Net/Core/SmartCardError.cs(191,75): warning CS8632: The annotation for nullable reference types should only be used in code within a '#nullable' annotations context. [/Users/mistial/Projects/Gp4Net/src/Gp4Net/Gp4Net.csproj]
/Users/mistial/Projects/Gp4Net/src/Gp4Net/Domain/Commands/DeleteCommand.cs(455,31): warning CS8632: The annotation for nullable reference types should only be used in code within a '#nullable' annotations context. [/Users/mistial/Projects/Gp4Net/src/Gp4Net/Gp4Net.csproj]
/Users/mistial/Projects/Gp4Net/src/Gp4Net/Domain/DataObjects/CardCapabilitiesCodec.cs(246,18): warning CS8632: The annotation for nullable reference types should only be used in code within a '#nullable' annotations context. [/Users/mistial/Projects/Gp4Net/src/Gp4Net/Gp4Net.csproj]
/Users/mistial/Projects/Gp4Net/src/Gp4Net/Domain/DataObjects/CardCapabilitiesCodec.cs(251,18): warning CS8632: The annotation for nullable reference types should only be used in code within a '#nullable' annotations context. [/Users/mistial/Projects/Gp4Net/src/Gp4Net/Gp4Net.csproj]
/Users/mistial/Projects/Gp4Net/src/Gp4Net/Domain/DataObjects/CardCapabilitiesCodec.cs(266,18): warning CS8632: The annotation for nullable reference types should only be used in code within a '#nullable' annotations context. [/Users/mistial/Projects/Gp4Net/src/Gp4Net/Gp4Net.csproj]
/Users/mistial/Projects/Gp4Net/src/Gp4Net/Domain/DataObjects/CardCapabilitiesCodec.cs(271,18): warning CS8632: The annotation for nullable reference types should only be used in code within a '#nullable' annotations context. [/Users/mistial/Projects/Gp4Net/src/Gp4Net/Gp4Net.csproj]
/Users/mistial/Projects/Gp4Net/src/Gp4Net/Transport/BaseApduCommand.cs(26,27): warning CS8632: The annotation for nullable reference types should only be used in code within a '#nullable' annotations context. [/Users/mistial/Projects/Gp4Net/src/Gp4Net/Gp4Net.csproj]
/Users/mistial/Projects/Gp4Net/src/Gp4Net/Cryptography/ICryptoService.cs(75,11): warning CS8632: The annotation for nullable reference types should only be used in code within a '#nullable' annotations context. [/Users/mistial/Projects/Gp4Net/src/Gp4Net/Gp4Net.csproj]
/Users/mistial/Projects/Gp4Net/src/Gp4Net/Domain/CapFile/CapFileLoadingWorkflow.cs(314,18): warning CS8632: The annotation for nullable reference types should only be used in code within a '#nullable' annotations context. [/Users/mistial/Projects/Gp4Net/src/Gp4Net/Gp4Net.csproj]
/Users/mistial/Projects/Gp4Net/src/Gp4Net/Domain/CapFile/CapFileLoadingWorkflow.cs(319,28): warning CS8632: The annotation for nullable reference types should only be used in code within a '#nullable' annotations context. [/Users/mistial/Projects/Gp4Net/src/Gp4Net/Gp4Net.csproj]
/Users/mistial/Projects/Gp4Net/src/Gp4Net/Domain/CapFile/CapFileLoadingWorkflow.cs(329,15): warning CS8632: The annotation for nullable reference types should only be used in code within a '#nullable' annotations context. [/Users/mistial/Projects/Gp4Net/src/Gp4Net/Gp4Net.csproj]
/Users/mistial/Projects/Gp4Net/src/Gp4Net/Domain/CapFile/CapFileLoadingWorkflow.cs(330,25): warning CS8632: The annotation for nullable reference types should only be used in code within a '#nullable' annotations context. [/Users/mistial/Projects/Gp4Net/src/Gp4Net/Gp4Net.csproj]
/Users/mistial/Projects/Gp4Net/src/Gp4Net/Domain/Commands/ExternalAuthenticateCommand.cs(159,27): warning CS8632: The annotation for nullable reference types should only be used in code within a '#nullable' annotations context. [/Users/mistial/Projects/Gp4Net/src/Gp4Net/Gp4Net.csproj]
/Users/mistial/Projects/Gp4Net/src/Gp4Net/Cryptography/ICryptoService.cs(162,18): warning CS8632: The annotation for nullable reference types should only be used in code within a '#nullable' annotations context. [/Users/mistial/Projects/Gp4Net/src/Gp4Net/Gp4Net.csproj]
/Users/mistial/Projects/Gp4Net/src/Gp4Net/Transport/IApduTransport.cs(100,11): warning CS8632: The annotation for nullable reference types should only be used in code within a '#nullable' annotations context. [/Users/mistial/Projects/Gp4Net/src/Gp4Net/Gp4Net.csproj]
/Users/mistial/Projects/Gp4Net/src/Gp4Net/Services/IGlobalPlatformService.cs(123,11): warning CS8632: The annotation for nullable reference types should only be used in code within a '#nullable' annotations context. [/Users/mistial/Projects/Gp4Net/src/Gp4Net/Gp4Net.csproj]
/Users/mistial/Projects/Gp4Net/src/Gp4Net/Cryptography/ICryptoService.cs(185,15): warning CS8632: The annotation for nullable reference types should only be used in code within a '#nullable' annotations context. [/Users/mistial/Projects/Gp4Net/src/Gp4Net/Gp4Net.csproj]
/Users/mistial/Projects/Gp4Net/src/Gp4Net/Domain/CapFile/CapFileStructure.cs(113,24): warning CS8632: The annotation for nullable reference types should only be used in code within a '#nullable' annotations context. [/Users/mistial/Projects/Gp4Net/src/Gp4Net/Gp4Net.csproj]
/Users/mistial/Projects/Gp4Net/src/Gp4Net/Pipeline/CommandPipeline.cs(147,66): warning CS8632: The annotation for nullable reference types should only be used in code within a '#nullable' annotations context. [/Users/mistial/Projects/Gp4Net/src/Gp4Net/Gp4Net.csproj]
/Users/mistial/Projects/Gp4Net/src/Gp4Net/Domain/CapFile/CapFileStructure.cs(140,21): warning CS8632: The annotation for nullable reference types should only be used in code within a '#nullable' annotations context. [/Users/mistial/Projects/Gp4Net/src/Gp4Net/Gp4Net.csproj]
/Users/mistial/Projects/Gp4Net/src/Gp4Net/Cryptography/IMacService.cs(52,11): warning CS8632: The annotation for nullable reference types should only be used in code within a '#nullable' annotations context. [/Users/mistial/Projects/Gp4Net/src/Gp4Net/Gp4Net.csproj]
/Users/mistial/Projects/Gp4Net/src/Gp4Net/Cryptography/IMacService.cs(57,11): warning CS8632: The annotation for nullable reference types should only be used in code within a '#nullable' annotations context. [/Users/mistial/Projects/Gp4Net/src/Gp4Net/Gp4Net.csproj]
/Users/mistial/Projects/Gp4Net/src/Gp4Net/Core/Tlv/TlvParser.cs(20,28): warning CS8632: The annotation for nullable reference types should only be used in code within a '#nullable' annotations context. [/Users/mistial/Projects/Gp4Net/src/Gp4Net/Gp4Net.csproj]
/Users/mistial/Projects/Gp4Net/src/Gp4Net/Core/Tlv/TlvParser.cs(37,28): warning CS8632: The annotation for nullable reference types should only be used in code within a '#nullable' annotations context. [/Users/mistial/Projects/Gp4Net/src/Gp4Net/Gp4Net.csproj]
/Users/mistial/Projects/Gp4Net/src/Gp4Net/Cryptography/IMacService.cs(139,18): warning CS8632: The annotation for nullable reference types should only be used in code within a '#nullable' annotations context. [/Users/mistial/Projects/Gp4Net/src/Gp4Net/Gp4Net.csproj]
/Users/mistial/Projects/Gp4Net/src/Gp4Net/Core/Tlv/TlvParser.cs(116,28): warning CS8632: The annotation for nullable reference types should only be used in code within a '#nullable' annotations context. [/Users/mistial/Projects/Gp4Net/src/Gp4Net/Gp4Net.csproj]
/Users/mistial/Projects/Gp4Net/src/Gp4Net/Cryptography/IMacService.cs(142,18): warning CS8632: The annotation for nullable reference types should only be used in code within a '#nullable' annotations context. [/Users/mistial/Projects/Gp4Net/src/Gp4Net/Gp4Net.csproj]
/Users/mistial/Projects/Gp4Net/src/Gp4Net/Core/Tlv/TlvParser.cs(133,28): warning CS8632: The annotation for nullable reference types should only be used in code within a '#nullable' annotations context. [/Users/mistial/Projects/Gp4Net/src/Gp4Net/Gp4Net.csproj]
/Users/mistial/Projects/Gp4Net/src/Gp4Net/Core/Tlv/TlvParser.cs(144,28): warning CS8632: The annotation for nullable reference types should only be used in code within a '#nullable' annotations context. [/Users/mistial/Projects/Gp4Net/src/Gp4Net/Gp4Net.csproj]
/Users/mistial/Projects/Gp4Net/src/Gp4Net/Core/Tlv/TlvParser.cs(152,26): warning CS8632: The annotation for nullable reference types should only be used in code within a '#nullable' annotations context. [/Users/mistial/Projects/Gp4Net/src/Gp4Net/Gp4Net.csproj]
/Users/mistial/Projects/Gp4Net/src/Gp4Net/Cryptography/IMacService.cs(156,15): warning CS8632: The annotation for nullable reference types should only be used in code within a '#nullable' annotations context. [/Users/mistial/Projects/Gp4Net/src/Gp4Net/Gp4Net.csproj]
/Users/mistial/Projects/Gp4Net/src/Gp4Net/Cryptography/IMacService.cs(157,15): warning CS8632: The annotation for nullable reference types should only be used in code within a '#nullable' annotations context. [/Users/mistial/Projects/Gp4Net/src/Gp4Net/Gp4Net.csproj]
/Users/mistial/Projects/Gp4Net/src/Gp4Net/Domain/DataObjects/SecurityDomainInfoCodec.cs(224,18): warning CS8632: The annotation for nullable reference types should only be used in code within a '#nullable' annotations context. [/Users/mistial/Projects/Gp4Net/src/Gp4Net/Gp4Net.csproj]
/Users/mistial/Projects/Gp4Net/src/Gp4Net/Domain/DataObjects/SecurityDomainInfoCodec.cs(229,18): warning CS8632: The annotation for nullable reference types should only be used in code within a '#nullable' annotations context. [/Users/mistial/Projects/Gp4Net/src/Gp4Net/Gp4Net.csproj]
/Users/mistial/Projects/Gp4Net/src/Gp4Net/Domain/DataObjects/SecurityDomainInfoCodec.cs(234,18): warning CS8632: The annotation for nullable reference types should only be used in code within a '#nullable' annotations context. [/Users/mistial/Projects/Gp4Net/src/Gp4Net/Gp4Net.csproj]
/Users/mistial/Projects/Gp4Net/src/Gp4Net/Domain/DataObjects/SecurityDomainInfoCodec.cs(239,18): warning CS8632: The annotation for nullable reference types should only be used in code within a '#nullable' annotations context. [/Users/mistial/Projects/Gp4Net/src/Gp4Net/Gp4Net.csproj]
/Users/mistial/Projects/Gp4Net/src/Gp4Net/Domain/OpenPhysical/OpenPhysicalId.cs(59,64): warning CS8632: The annotation for nullable reference types should only be used in code within a '#nullable' annotations context. [/Users/mistial/Projects/Gp4Net/src/Gp4Net/Gp4Net.csproj]
/Users/mistial/Projects/Gp4Net/src/Gp4Net/Domain/OpenPhysical/OpenPhysicalId.cs(118,27): warning CS8632: The annotation for nullable reference types should only be used in code within a '#nullable' annotations context. [/Users/mistial/Projects/Gp4Net/src/Gp4Net/Gp4Net.csproj]
/Users/mistial/Projects/Gp4Net/src/Gp4Net/Domain/OpenPhysical/OpenPhysicalId.cs(218,39): warning CS8632: The annotation for nullable reference types should only be used in code within a '#nullable' annotations context. [/Users/mistial/Projects/Gp4Net/src/Gp4Net/Gp4Net.csproj]
/Users/mistial/Projects/Gp4Net/src/Gp4Net/Services/ISmartCardService.cs(73,32): warning CS8632: The annotation for nullable reference types should only be used in code within a '#nullable' annotations context. [/Users/mistial/Projects/Gp4Net/src/Gp4Net/Gp4Net.csproj]
/Users/mistial/Projects/Gp4Net/src/Gp4Net/Services/ISmartCardService.cs(105,32): warning CS8632: The annotation for nullable reference types should only be used in code within a '#nullable' annotations context. [/Users/mistial/Projects/Gp4Net/src/Gp4Net/Gp4Net.csproj]
/Users/mistial/Projects/Gp4Net/src/Gp4Net/Services/ISmartCardService.cs(110,28): warning CS8632: The annotation for nullable reference types should only be used in code within a '#nullable' annotations context. [/Users/mistial/Projects/Gp4Net/src/Gp4Net/Gp4Net.csproj]
/Users/mistial/Projects/Gp4Net/src/Gp4Net/Pipeline/CommandRequest.cs(12,19): warning CS8632: The annotation for nullable reference types should only be used in code within a '#nullable' annotations context. [/Users/mistial/Projects/Gp4Net/src/Gp4Net/Gp4Net.csproj]
/Users/mistial/Projects/Gp4Net/src/Gp4Net/Domain/OpenPhysical/OpidValidator.cs(200,18): warning CS8632: The annotation for nullable reference types should only be used in code within a '#nullable' annotations context. [/Users/mistial/Projects/Gp4Net/src/Gp4Net/Gp4Net.csproj]
/Users/mistial/Projects/Gp4Net/src/Gp4Net/Domain/OpenPhysical/OpidValidator.cs(202,54): warning CS8632: The annotation for nullable reference types should only be used in code within a '#nullable' annotations context. [/Users/mistial/Projects/Gp4Net/src/Gp4Net/Gp4Net.csproj]
/Users/mistial/Projects/Gp4Net/src/Gp4Net/Domain/CardInfo/CardDataInfo.cs(44,19): warning CS8632: The annotation for nullable reference types should only be used in code within a '#nullable' annotations context. [/Users/mistial/Projects/Gp4Net/src/Gp4Net/Gp4Net.csproj]
/Users/mistial/Projects/Gp4Net/src/Gp4Net/Domain/Keys/CryptogramService.cs(24,56): warning CS8632: The annotation for nullable reference types should only be used in code within a '#nullable' annotations context. [/Users/mistial/Projects/Gp4Net/src/Gp4Net/Gp4Net.csproj]
/Users/mistial/Projects/Gp4Net/src/Gp4Net/Domain/CardInfo/CardDataInfo.cs(53,18): warning CS8632: The annotation for nullable reference types should only be used in code within a '#nullable' annotations context. [/Users/mistial/Projects/Gp4Net/src/Gp4Net/Gp4Net.csproj]
/Users/mistial/Projects/Gp4Net/src/Gp4Net/Domain/CardInfo/CardDataInfo.cs(60,18): warning CS8632: The annotation for nullable reference types should only be used in code within a '#nullable' annotations context. [/Users/mistial/Projects/Gp4Net/src/Gp4Net/Gp4Net.csproj]
/Users/mistial/Projects/Gp4Net/src/Gp4Net/Domain/CardInfo/CardDataInfo.cs(69,18): warning CS8632: The annotation for nullable reference types should only be used in code within a '#nullable' annotations context. [/Users/mistial/Projects/Gp4Net/src/Gp4Net/Gp4Net.csproj]
/Users/mistial/Projects/Gp4Net/src/Gp4Net/Services/PackageRegistry.cs(40,58): warning CS8632: The annotation for nullable reference types should only be used in code within a '#nullable' annotations context. [/Users/mistial/Projects/Gp4Net/src/Gp4Net/Gp4Net.csproj]
/Users/mistial/Projects/Gp4Net/src/Gp4Net/Services/PackageRegistry.cs(52,61): warning CS8632: The annotation for nullable reference types should only be used in code within a '#nullable' annotations context. [/Users/mistial/Projects/Gp4Net/src/Gp4Net/Gp4Net.csproj]
/Users/mistial/Projects/Gp4Net/src/Gp4Net/Domain/CardInfo/CardDataInfo.cs(97,18): warning CS8632: The annotation for nullable reference types should only be used in code within a '#nullable' annotations context. [/Users/mistial/Projects/Gp4Net/src/Gp4Net/Gp4Net.csproj]
/Users/mistial/Projects/Gp4Net/src/Gp4Net/Domain/CardInfo/CardDataInfo.cs(212,27): warning CS8632: The annotation for nullable reference types should only be used in code within a '#nullable' annotations context. [/Users/mistial/Projects/Gp4Net/src/Gp4Net/Gp4Net.csproj]
/Users/mistial/Projects/Gp4Net/src/Gp4Net/Domain/Commands/GetDataCommand.cs(202,11): warning CS8632: The annotation for nullable reference types should only be used in code within a '#nullable' annotations context. [/Users/mistial/Projects/Gp4Net/src/Gp4Net/Gp4Net.csproj]
/Users/mistial/Projects/Gp4Net/src/Gp4Net/Services/PackageRegistry.cs(137,48): warning CS8632: The annotation for nullable reference types should only be used in code within a '#nullable' annotations context. [/Users/mistial/Projects/Gp4Net/src/Gp4Net/Gp4Net.csproj]
/Users/mistial/Projects/Gp4Net/src/Gp4Net/Services/PackageRegistry.cs(142,22): warning CS8632: The annotation for nullable reference types should only be used in code within a '#nullable' annotations context. [/Users/mistial/Projects/Gp4Net/src/Gp4Net/Gp4Net.csproj]
/Users/mistial/Projects/Gp4Net/src/Gp4Net/Services/PackageRegistry.cs(143,22): warning CS8632: The annotation for nullable reference types should only be used in code within a '#nullable' annotations context. [/Users/mistial/Projects/Gp4Net/src/Gp4Net/Gp4Net.csproj]
/Users/mistial/Projects/Gp4Net/src/Gp4Net/Services/PackageRegistry.cs(144,22): warning CS8632: The annotation for nullable reference types should only be used in code within a '#nullable' annotations context. [/Users/mistial/Projects/Gp4Net/src/Gp4Net/Gp4Net.csproj]
/Users/mistial/Projects/Gp4Net/src/Gp4Net/Domain/Commands/DeleteCommand.cs(77,18): warning CS8632: The annotation for nullable reference types should only be used in code within a '#nullable' annotations context. [/Users/mistial/Projects/Gp4Net/src/Gp4Net/Gp4Net.csproj]
/Users/mistial/Projects/Gp4Net/src/Gp4Net/Services/PackageRegistry.cs(147,22): warning CS8632: The annotation for nullable reference types should only be used in code within a '#nullable' annotations context. [/Users/mistial/Projects/Gp4Net/src/Gp4Net/Gp4Net.csproj]
/Users/mistial/Projects/Gp4Net/src/Gp4Net/Domain/Commands/DeleteCommand.cs(82,18): warning CS8632: The annotation for nullable reference types should only be used in code within a '#nullable' annotations context. [/Users/mistial/Projects/Gp4Net/src/Gp4Net/Gp4Net.csproj]
/Users/mistial/Projects/Gp4Net/src/Gp4Net/Services/PackageRegistry.cs(148,22): warning CS8632: The annotation for nullable reference types should only be used in code within a '#nullable' annotations context. [/Users/mistial/Projects/Gp4Net/src/Gp4Net/Gp4Net.csproj]
/Users/mistial/Projects/Gp4Net/src/Gp4Net/Domain/Commands/DeleteCommand.cs(107,18): warning CS8632: The annotation for nullable reference types should only be used in code within a '#nullable' annotations context. [/Users/mistial/Projects/Gp4Net/src/Gp4Net/Gp4Net.csproj]
/Users/mistial/Projects/Gp4Net/src/Gp4Net/Domain/Results.cs(18,11): warning CS8632: The annotation for nullable reference types should only be used in code within a '#nullable' annotations context. [/Users/mistial/Projects/Gp4Net/src/Gp4Net/Gp4Net.csproj]
/Users/mistial/Projects/Gp4Net/src/Gp4Net/Domain/Results.cs(19,26): warning CS8632: The annotation for nullable reference types should only be used in code within a '#nullable' annotations context. [/Users/mistial/Projects/Gp4Net/src/Gp4Net/Gp4Net.csproj]
/Users/mistial/Projects/Gp4Net/src/Gp4Net/Domain/CardInfo/GlobalPlatformOids.cs(64,25): warning CS8632: The annotation for nullable reference types should only be used in code within a '#nullable' annotations context. [/Users/mistial/Projects/Gp4Net/src/Gp4Net/Gp4Net.csproj]
/Users/mistial/Projects/Gp4Net/src/Gp4Net/Domain/CardInfo/GlobalPlatformOids.cs(89,25): warning CS8632: The annotation for nullable reference types should only be used in code within a '#nullable' annotations context. [/Users/mistial/Projects/Gp4Net/src/Gp4Net/Gp4Net.csproj]
/Users/mistial/Projects/Gp4Net/src/Gp4Net/Domain/CardInfo/GlobalPlatformOids.cs(123,43): warning CS8632: The annotation for nullable reference types should only be used in code within a '#nullable' annotations context. [/Users/mistial/Projects/Gp4Net/src/Gp4Net/Gp4Net.csproj]
/Users/mistial/Projects/Gp4Net/src/Gp4Net/Domain/CardInfo/GlobalPlatformOids.cs(123,25): warning CS8632: The annotation for nullable reference types should only be used in code within a '#nullable' annotations context. [/Users/mistial/Projects/Gp4Net/src/Gp4Net/Gp4Net.csproj]
/Users/mistial/Projects/Gp4Net/src/Gp4Net/Domain/Commands/DeleteCommand.cs(219,15): warning CS8632: The annotation for nullable reference types should only be used in code within a '#nullable' annotations context. [/Users/mistial/Projects/Gp4Net/src/Gp4Net/Gp4Net.csproj]
/Users/mistial/Projects/Gp4Net/src/Gp4Net/Domain/Commands/DeleteCommand.cs(247,15): warning CS8632: The annotation for nullable reference types should only be used in code within a '#nullable' annotations context. [/Users/mistial/Projects/Gp4Net/src/Gp4Net/Gp4Net.csproj]
/Users/mistial/Projects/Gp4Net/src/Gp4Net/Domain/Commands/DeleteCommand.cs(275,15): warning CS8632: The annotation for nullable reference types should only be used in code within a '#nullable' annotations context. [/Users/mistial/Projects/Gp4Net/src/Gp4Net/Gp4Net.csproj]
/Users/mistial/Projects/Gp4Net/src/Gp4Net/Domain/Results.cs(24,63): warning CS8632: The annotation for nullable reference types should only be used in code within a '#nullable' annotations context. [/Users/mistial/Projects/Gp4Net/src/Gp4Net/Gp4Net.csproj]
/Users/mistial/Projects/Gp4Net/src/Gp4Net/Domain/Commands/DeleteCommand.cs(303,15): warning CS8632: The annotation for nullable reference types should only be used in code within a '#nullable' annotations context. [/Users/mistial/Projects/Gp4Net/src/Gp4Net/Gp4Net.csproj]
/Users/mistial/Projects/Gp4Net/src/Gp4Net/Domain/Commands/DeleteCommand.cs(340,15): warning CS8632: The annotation for nullable reference types should only be used in code within a '#nullable' annotations context. [/Users/mistial/Projects/Gp4Net/src/Gp4Net/Gp4Net.csproj]
/Users/mistial/Projects/Gp4Net/src/Gp4Net/Services/ServiceFactory.cs(161,63): warning CS8632: The annotation for nullable reference types should only be used in code within a '#nullable' annotations context. [/Users/mistial/Projects/Gp4Net/src/Gp4Net/Gp4Net.csproj]
/Users/mistial/Projects/Gp4Net/src/Gp4Net/Services/ServiceFactory.cs(166,87): warning CS8632: The annotation for nullable reference types should only be used in code within a '#nullable' annotations context. [/Users/mistial/Projects/Gp4Net/src/Gp4Net/Gp4Net.csproj]
/Users/mistial/Projects/Gp4Net/src/Gp4Net/Domain/Results.cs(39,11): warning CS8632: The annotation for nullable reference types should only be used in code within a '#nullable' annotations context. [/Users/mistial/Projects/Gp4Net/src/Gp4Net/Gp4Net.csproj]
/Users/mistial/Projects/Gp4Net/src/Gp4Net/Domain/Results.cs(40,26): warning CS8632: The annotation for nullable reference types should only be used in code within a '#nullable' annotations context. [/Users/mistial/Projects/Gp4Net/src/Gp4Net/Gp4Net.csproj]
/Users/mistial/Projects/Gp4Net/src/Gp4Net/Domain/Results.cs(45,61): warning CS8632: The annotation for nullable reference types should only be used in code within a '#nullable' annotations context. [/Users/mistial/Projects/Gp4Net/src/Gp4Net/Gp4Net.csproj]
/Users/mistial/Projects/Gp4Net/src/Gp4Net/Pipeline/CommandResponse.cs(15,40): warning CS8632: The annotation for nullable reference types should only be used in code within a '#nullable' annotations context. [/Users/mistial/Projects/Gp4Net/src/Gp4Net/Gp4Net.csproj]
/Users/mistial/Projects/Gp4Net/src/Gp4Net/Services/SmartCardService.cs(140,32): warning CS8632: The annotation for nullable reference types should only be used in code within a '#nullable' annotations context. [/Users/mistial/Projects/Gp4Net/src/Gp4Net/Gp4Net.csproj]
/Users/mistial/Projects/Gp4Net/src/Gp4Net/Transport/T0ApduTransport.cs(226,22): warning CS8632: The annotation for nullable reference types should only be used in code within a '#nullable' annotations context. [/Users/mistial/Projects/Gp4Net/src/Gp4Net/Gp4Net.csproj]
/Users/mistial/Projects/Gp4Net/src/Gp4Net/Pipeline/CommandResponse.cs(26,15): warning CS8632: The annotation for nullable reference types should only be used in code within a '#nullable' annotations context. [/Users/mistial/Projects/Gp4Net/src/Gp4Net/Gp4Net.csproj]
/Users/mistial/Projects/Gp4Net/src/Gp4Net/Pipeline/CommandResponse.cs(27,25): warning CS8632: The annotation for nullable reference types should only be used in code within a '#nullable' annotations context. [/Users/mistial/Projects/Gp4Net/src/Gp4Net/Gp4Net.csproj]
/Users/mistial/Projects/Gp4Net/src/Gp4Net/Pipeline/CommandResponse.cs(28,44): warning CS8632: The annotation for nullable reference types should only be used in code within a '#nullable' annotations context. [/Users/mistial/Projects/Gp4Net/src/Gp4Net/Gp4Net.csproj]
/Users/mistial/Projects/Gp4Net/src/Gp4Net/Pipeline/CommandResponse.cs(40,25): warning CS8632: The annotation for nullable reference types should only be used in code within a '#nullable' annotations context. [/Users/mistial/Projects/Gp4Net/src/Gp4Net/Gp4Net.csproj]
/Users/mistial/Projects/Gp4Net/src/Gp4Net/Pipeline/CommandResponse.cs(41,44): warning CS8632: The annotation for nullable reference types should only be used in code within a '#nullable' annotations context. [/Users/mistial/Projects/Gp4Net/src/Gp4Net/Gp4Net.csproj]
/Users/mistial/Projects/Gp4Net/src/Gp4Net/Domain/Commands/DeleteCommand.cs(198,15): warning CS8632: The annotation for nullable reference types should only be used in code within a '#nullable' annotations context. [/Users/mistial/Projects/Gp4Net/src/Gp4Net/Gp4Net.csproj]
/Users/mistial/Projects/Gp4Net/src/Gp4Net/Domain/Commands/DeleteCommand.cs(199,15): warning CS8632: The annotation for nullable reference types should only be used in code within a '#nullable' annotations context. [/Users/mistial/Projects/Gp4Net/src/Gp4Net/Gp4Net.csproj]
/Users/mistial/Projects/Gp4Net/src/Gp4Net/Services/SmartCardService.cs(20,47): warning CS8632: The annotation for nullable reference types should only be used in code within a '#nullable' annotations context. [/Users/mistial/Projects/Gp4Net/src/Gp4Net/Gp4Net.csproj]
/Users/mistial/Projects/Gp4Net/src/Gp4Net/Services/SmartCardService.cs(30,34): warning CS8632: The annotation for nullable reference types should only be used in code within a '#nullable' annotations context. [/Users/mistial/Projects/Gp4Net/src/Gp4Net/Gp4Net.csproj]
/Users/mistial/Projects/Gp4Net/src/Gp4Net/Services/SmartCardService.cs(123,36): warning CS8632: The annotation for nullable reference types should only be used in code within a '#nullable' annotations context. [/Users/mistial/Projects/Gp4Net/src/Gp4Net/Gp4Net.csproj]
/Users/mistial/Projects/Gp4Net/src/Gp4Net/Services/SmartCardService.cs(124,38): warning CS8632: The annotation for nullable reference types should only be used in code within a '#nullable' annotations context. [/Users/mistial/Projects/Gp4Net/src/Gp4Net/Gp4Net.csproj]
/Users/mistial/Projects/Gp4Net/src/Gp4Net/Services/SmartCardService.cs(130,23): warning CS8632: The annotation for nullable reference types should only be used in code within a '#nullable' annotations context. [/Users/mistial/Projects/Gp4Net/src/Gp4Net/Gp4Net.csproj]
/Users/mistial/Projects/Gp4Net/src/Gp4Net/Services/SmartCardService.cs(131,25): warning CS8632: The annotation for nullable reference types should only be used in code within a '#nullable' annotations context. [/Users/mistial/Projects/Gp4Net/src/Gp4Net/Gp4Net.csproj]
/Users/mistial/Projects/Gp4Net/src/Gp4Net/Domain/CapFile/CapFileStructure.cs(791,18): warning CS8632: The annotation for nullable reference types should only be used in code within a '#nullable' annotations context. [/Users/mistial/Projects/Gp4Net/src/Gp4Net/Gp4Net.csproj]
/Users/mistial/Projects/Gp4Net/src/Gp4Net/Domain/CapFile/CapFileStructure.cs(796,18): warning CS8632: The annotation for nullable reference types should only be used in code within a '#nullable' annotations context. [/Users/mistial/Projects/Gp4Net/src/Gp4Net/Gp4Net.csproj]
/Users/mistial/Projects/Gp4Net/src/Gp4Net/Domain/CapFile/CapFileStructure.cs(801,18): warning CS8632: The annotation for nullable reference types should only be used in code within a '#nullable' annotations context. [/Users/mistial/Projects/Gp4Net/src/Gp4Net/Gp4Net.csproj]
/Users/mistial/Projects/Gp4Net/src/Gp4Net/Domain/CapFile/CapFileStructure.cs(806,18): warning CS8632: The annotation for nullable reference types should only be used in code within a '#nullable' annotations context. [/Users/mistial/Projects/Gp4Net/src/Gp4Net/Gp4Net.csproj]
/Users/mistial/Projects/Gp4Net/src/Gp4Net/Domain/CapFile/CapFileStructure.cs(811,18): warning CS8632: The annotation for nullable reference types should only be used in code within a '#nullable' annotations context. [/Users/mistial/Projects/Gp4Net/src/Gp4Net/Gp4Net.csproj]
/Users/mistial/Projects/Gp4Net/src/Gp4Net/Domain/Commands/GetDataCommand.cs(232,21): warning CS8632: The annotation for nullable reference types should only be used in code within a '#nullable' annotations context. [/Users/mistial/Projects/Gp4Net/src/Gp4Net/Gp4Net.csproj]
/Users/mistial/Projects/Gp4Net/src/Gp4Net/Domain/Commands/GetDataCommand.cs(290,20): warning CS8632: The annotation for nullable reference types should only be used in code within a '#nullable' annotations context. [/Users/mistial/Projects/Gp4Net/src/Gp4Net/Gp4Net.csproj]
/Users/mistial/Projects/Gp4Net/src/Gp4Net/Domain/CapFile/CapFileStructure.cs(827,15): warning CS8632: The annotation for nullable reference types should only be used in code within a '#nullable' annotations context. [/Users/mistial/Projects/Gp4Net/src/Gp4Net/Gp4Net.csproj]
/Users/mistial/Projects/Gp4Net/src/Gp4Net/Domain/CapFile/CapFileStructure.cs(828,15): warning CS8632: The annotation for nullable reference types should only be used in code within a '#nullable' annotations context. [/Users/mistial/Projects/Gp4Net/src/Gp4Net/Gp4Net.csproj]
/Users/mistial/Projects/Gp4Net/src/Gp4Net/Domain/CapFile/CapFileStructure.cs(829,15): warning CS8632: The annotation for nullable reference types should only be used in code within a '#nullable' annotations context. [/Users/mistial/Projects/Gp4Net/src/Gp4Net/Gp4Net.csproj]
/Users/mistial/Projects/Gp4Net/src/Gp4Net/Domain/CapFile/CapFileStructure.cs(830,15): warning CS8632: The annotation for nullable reference types should only be used in code within a '#nullable' annotations context. [/Users/mistial/Projects/Gp4Net/src/Gp4Net/Gp4Net.csproj]
/Users/mistial/Projects/Gp4Net/src/Gp4Net/Domain/CapFile/CapFileStructure.cs(831,15): warning CS8632: The annotation for nullable reference types should only be used in code within a '#nullable' annotations context. [/Users/mistial/Projects/Gp4Net/src/Gp4Net/Gp4Net.csproj]
/Users/mistial/Projects/Gp4Net/src/Gp4Net/Domain/CapFile/CapFileStructure.cs(832,31): warning CS8632: The annotation for nullable reference types should only be used in code within a '#nullable' annotations context. [/Users/mistial/Projects/Gp4Net/src/Gp4Net/Gp4Net.csproj]
/Users/mistial/Projects/Gp4Net/src/Gp4Net/Domain/Commands/GetDataCommand.cs(319,24): warning CS8632: The annotation for nullable reference types should only be used in code within a '#nullable' annotations context. [/Users/mistial/Projects/Gp4Net/src/Gp4Net/Gp4Net.csproj]
/Users/mistial/Projects/Gp4Net/src/Gp4Net/Domain/Commands/GetDataCommand.cs(347,28): warning CS8632: The annotation for nullable reference types should only be used in code within a '#nullable' annotations context. [/Users/mistial/Projects/Gp4Net/src/Gp4Net/Gp4Net.csproj]
/Users/mistial/Projects/Gp4Net/src/Gp4Net/Domain/Commands/GetStatusCommand.cs(81,18): warning CS8632: The annotation for nullable reference types should only be used in code within a '#nullable' annotations context. [/Users/mistial/Projects/Gp4Net/src/Gp4Net/Gp4Net.csproj]
/Users/mistial/Projects/Gp4Net/src/Gp4Net/Domain/Commands/GetStatusCommand.cs(106,18): warning CS8632: The annotation for nullable reference types should only be used in code within a '#nullable' annotations context. [/Users/mistial/Projects/Gp4Net/src/Gp4Net/Gp4Net.csproj]
/Users/mistial/Projects/Gp4Net/src/Gp4Net/Domain/Commands/GetDataCommand.cs(409,34): warning CS8632: The annotation for nullable reference types should only be used in code within a '#nullable' annotations context. [/Users/mistial/Projects/Gp4Net/src/Gp4Net/Gp4Net.csproj]
/Users/mistial/Projects/Gp4Net/src/Gp4Net/Domain/Commands/GetDataCommand.cs(248,18): warning CS8632: The annotation for nullable reference types should only be used in code within a '#nullable' annotations context. [/Users/mistial/Projects/Gp4Net/src/Gp4Net/Gp4Net.csproj]
/Users/mistial/Projects/Gp4Net/src/Gp4Net/Domain/Commands/GetStatusCommand.cs(145,15): warning CS8632: The annotation for nullable reference types should only be used in code within a '#nullable' annotations context. [/Users/mistial/Projects/Gp4Net/src/Gp4Net/Gp4Net.csproj]
/Users/mistial/Projects/Gp4Net/src/Gp4Net/Domain/Commands/GetDataResponseExtensions.cs(17,31): warning CS8632: The annotation for nullable reference types should only be used in code within a '#nullable' annotations context. [/Users/mistial/Projects/Gp4Net/src/Gp4Net/Gp4Net.csproj]
/Users/mistial/Projects/Gp4Net/src/Gp4Net/Domain/Commands/GetStatusCommand.cs(127,15): warning CS8632: The annotation for nullable reference types should only be used in code within a '#nullable' annotations context. [/Users/mistial/Projects/Gp4Net/src/Gp4Net/Gp4Net.csproj]
/Users/mistial/Projects/Gp4Net/src/Gp4Net/Domain/Commands/GetDataResponseExtensions.cs(51,35): warning CS8632: The annotation for nullable reference types should only be used in code within a '#nullable' annotations context. [/Users/mistial/Projects/Gp4Net/src/Gp4Net/Gp4Net.csproj]
/Users/mistial/Projects/Gp4Net/src/Gp4Net/Domain/Commands/GetDataResponseExtensions.cs(93,41): warning CS8632: The annotation for nullable reference types should only be used in code within a '#nullable' annotations context. [/Users/mistial/Projects/Gp4Net/src/Gp4Net/Gp4Net.csproj]
/Users/mistial/Projects/Gp4Net/src/Gp4Net/Domain/Commands/GetDataResponseExtensions.cs(131,27): warning CS8632: The annotation for nullable reference types should only be used in code within a '#nullable' annotations context. [/Users/mistial/Projects/Gp4Net/src/Gp4Net/Gp4Net.csproj]
/Users/mistial/Projects/Gp4Net/src/Gp4Net/Pipeline/CommandPipeline.cs(83,38): warning CS8632: The annotation for nullable reference types should only be used in code within a '#nullable' annotations context. [/Users/mistial/Projects/Gp4Net/src/Gp4Net/Gp4Net.csproj]
/Users/mistial/Projects/Gp4Net/src/Gp4Net/Domain/Keys/KeyDerivationService.cs(31,62): warning CS8632: The annotation for nullable reference types should only be used in code within a '#nullable' annotations context. [/Users/mistial/Projects/Gp4Net/src/Gp4Net/Gp4Net.csproj]
/Users/mistial/Projects/Gp4Net/src/Gp4Net/Pipeline/CommandPipeline.cs(84,46): warning CS8632: The annotation for nullable reference types should only be used in code within a '#nullable' annotations context. [/Users/mistial/Projects/Gp4Net/src/Gp4Net/Gp4Net.csproj]
/Users/mistial/Projects/Gp4Net/src/Gp4Net/Pipeline/CommandPipeline.cs(89,51): warning CS8632: The annotation for nullable reference types should only be used in code within a '#nullable' annotations context. [/Users/mistial/Projects/Gp4Net/src/Gp4Net/Gp4Net.csproj]
/Users/mistial/Projects/Gp4Net/src/Gp4Net/Pipeline/ImmutablePipelineContext.cs(107,39): warning CS8632: The annotation for nullable reference types should only be used in code within a '#nullable' annotations context. [/Users/mistial/Projects/Gp4Net/src/Gp4Net/Gp4Net.csproj]
/Users/mistial/Projects/Gp4Net/src/Gp4Net/Domain/Keys/KeyManagementConfiguration.cs(138,35): warning CS8632: The annotation for nullable reference types should only be used in code within a '#nullable' annotations context. [/Users/mistial/Projects/Gp4Net/src/Gp4Net/Gp4Net.csproj]
/Users/mistial/Projects/Gp4Net/src/Gp4Net/Transport/TClApduTransport.cs(106,22): warning CS8632: The annotation for nullable reference types should only be used in code within a '#nullable' annotations context. [/Users/mistial/Projects/Gp4Net/src/Gp4Net/Gp4Net.csproj]
/Users/mistial/Projects/Gp4Net/src/Gp4Net/Domain/Protocol/IScpProtocol.cs(106,15): warning CS8632: The annotation for nullable reference types should only be used in code within a '#nullable' annotations context. [/Users/mistial/Projects/Gp4Net/src/Gp4Net/Gp4Net.csproj]
/Users/mistial/Projects/Gp4Net/src/Gp4Net/Domain/Commands/ICommandBuilder.cs(204,55): warning CS8632: The annotation for nullable reference types should only be used in code within a '#nullable' annotations context. [/Users/mistial/Projects/Gp4Net/src/Gp4Net/Gp4Net.csproj]
/Users/mistial/Projects/Gp4Net/src/Gp4Net/Domain/Commands/ICommandBuilder.cs(176,55): warning CS8632: The annotation for nullable reference types should only be used in code within a '#nullable' annotations context. [/Users/mistial/Projects/Gp4Net/src/Gp4Net/Gp4Net.csproj]
/Users/mistial/Projects/Gp4Net/src/Gp4Net/Domain/Commands/InitializeUpdateCommand.cs(79,27): warning CS8632: The annotation for nullable reference types should only be used in code within a '#nullable' annotations context. [/Users/mistial/Projects/Gp4Net/src/Gp4Net/Gp4Net.csproj]
/Users/mistial/Projects/Gp4Net/src/Gp4Net/Domain/Commands/ICommandBuilder.cs(261,56): warning CS8632: The annotation for nullable reference types should only be used in code within a '#nullable' annotations context. [/Users/mistial/Projects/Gp4Net/src/Gp4Net/Gp4Net.csproj]
/Users/mistial/Projects/Gp4Net/src/Gp4Net/Pipeline/Middleware/LoggingMiddleware.cs(23,79): warning CS8632: The annotation for nullable reference types should only be used in code within a '#nullable' annotations context. [/Users/mistial/Projects/Gp4Net/src/Gp4Net/Gp4Net.csproj]
/Users/mistial/Projects/Gp4Net/src/Gp4Net/Domain/Commands/InitializeUpdateCommand.cs(203,18): warning CS8632: The annotation for nullable reference types should only be used in code within a '#nullable' annotations context. [/Users/mistial/Projects/Gp4Net/src/Gp4Net/Gp4Net.csproj]
/Users/mistial/Projects/Gp4Net/src/Gp4Net/Domain/Commands/InitializeUpdateCommand.cs(364,15): warning CS8632: The annotation for nullable reference types should only be used in code within a '#nullable' annotations context. [/Users/mistial/Projects/Gp4Net/src/Gp4Net/Gp4Net.csproj]
/Users/mistial/Projects/Gp4Net/src/Gp4Net/Domain/Commands/InstallCommand.cs(502,15): warning CS8632: The annotation for nullable reference types should only be used in code within a '#nullable' annotations context. [/Users/mistial/Projects/Gp4Net/src/Gp4Net/Gp4Net.csproj]
/Users/mistial/Projects/Gp4Net/src/Gp4Net/Domain/Commands/InstallCommand.cs(503,15): warning CS8632: The annotation for nullable reference types should only be used in code within a '#nullable' annotations context. [/Users/mistial/Projects/Gp4Net/src/Gp4Net/Gp4Net.csproj]
/Users/mistial/Projects/Gp4Net/src/Gp4Net/Domain/Commands/InstallCommand.cs(505,15): warning CS8632: The annotation for nullable reference types should only be used in code within a '#nullable' annotations context. [/Users/mistial/Projects/Gp4Net/src/Gp4Net/Gp4Net.csproj]
/Users/mistial/Projects/Gp4Net/src/Gp4Net/Domain/Commands/InstallCommand.cs(586,56): warning CS8632: The annotation for nullable reference types should only be used in code within a '#nullable' annotations context. [/Users/mistial/Projects/Gp4Net/src/Gp4Net/Gp4Net.csproj]
/Users/mistial/Projects/Gp4Net/src/Gp4Net/Domain/Commands/InstallCommand.cs(528,15): warning CS8632: The annotation for nullable reference types should only be used in code within a '#nullable' annotations context. [/Users/mistial/Projects/Gp4Net/src/Gp4Net/Gp4Net.csproj]
/Users/mistial/Projects/Gp4Net/src/Gp4Net/Domain/Commands/InstallCommand.cs(529,15): warning CS8632: The annotation for nullable reference types should only be used in code within a '#nullable' annotations context. [/Users/mistial/Projects/Gp4Net/src/Gp4Net/Gp4Net.csproj]
/Users/mistial/Projects/Gp4Net/src/Gp4Net/Domain/Commands/InstallCommand.cs(530,15): warning CS8632: The annotation for nullable reference types should only be used in code within a '#nullable' annotations context. [/Users/mistial/Projects/Gp4Net/src/Gp4Net/Gp4Net.csproj]
/Users/mistial/Projects/Gp4Net/src/Gp4Net/Domain/Commands/InstallCommand.cs(531,15): warning CS8632: The annotation for nullable reference types should only be used in code within a '#nullable' annotations context. [/Users/mistial/Projects/Gp4Net/src/Gp4Net/Gp4Net.csproj]
/Users/mistial/Projects/Gp4Net/src/Gp4Net/Domain/Commands/InstallCommand.cs(592,75): warning CS8632: The annotation for nullable reference types should only be used in code within a '#nullable' annotations context. [/Users/mistial/Projects/Gp4Net/src/Gp4Net/Gp4Net.csproj]
/Users/mistial/Projects/Gp4Net/src/Gp4Net/Domain/Commands/InstallCommand.cs(555,15): warning CS8632: The annotation for nullable reference types should only be used in code within a '#nullable' annotations context. [/Users/mistial/Projects/Gp4Net/src/Gp4Net/Gp4Net.csproj]
/Users/mistial/Projects/Gp4Net/src/Gp4Net/Domain/Commands/InstallCommand.cs(556,15): warning CS8632: The annotation for nullable reference types should only be used in code within a '#nullable' annotations context. [/Users/mistial/Projects/Gp4Net/src/Gp4Net/Gp4Net.csproj]
/Users/mistial/Projects/Gp4Net/src/Gp4Net/Domain/Commands/InstallCommand.cs(557,15): warning CS8632: The annotation for nullable reference types should only be used in code within a '#nullable' annotations context. [/Users/mistial/Projects/Gp4Net/src/Gp4Net/Gp4Net.csproj]
/Users/mistial/Projects/Gp4Net/src/Gp4Net/Domain/Commands/InstallCommand.cs(558,15): warning CS8632: The annotation for nullable reference types should only be used in code within a '#nullable' annotations context. [/Users/mistial/Projects/Gp4Net/src/Gp4Net/Gp4Net.csproj]
/Users/mistial/Projects/Gp4Net/src/Gp4Net/Domain/Keys/MacService.cs(26,42): warning CS8632: The annotation for nullable reference types should only be used in code within a '#nullable' annotations context. [/Users/mistial/Projects/Gp4Net/src/Gp4Net/Gp4Net.csproj]
/Users/mistial/Projects/Gp4Net/src/Gp4Net/Domain/Keys/SecureKeyStorage.cs(32,19): warning CS8632: The annotation for nullable reference types should only be used in code within a '#nullable' annotations context. [/Users/mistial/Projects/Gp4Net/src/Gp4Net/Gp4Net.csproj]
/Users/mistial/Projects/Gp4Net/src/Gp4Net/Domain/Commands/InstallCommand.cs(72,92): warning CS8632: The annotation for nullable reference types should only be used in code within a '#nullable' annotations context. [/Users/mistial/Projects/Gp4Net/src/Gp4Net/Gp4Net.csproj]
/Users/mistial/Projects/Gp4Net/src/Gp4Net/Domain/Commands/PutKeyCommand.cs(112,18): warning CS8632: The annotation for nullable reference types should only be used in code within a '#nullable' annotations context. [/Users/mistial/Projects/Gp4Net/src/Gp4Net/Gp4Net.csproj]
/Users/mistial/Projects/Gp4Net/src/Gp4Net/Domain/Keys/SecureKeyStorage.cs(234,37): warning CS8632: The annotation for nullable reference types should only be used in code within a '#nullable' annotations context. [/Users/mistial/Projects/Gp4Net/src/Gp4Net/Gp4Net.csproj]
/Users/mistial/Projects/Gp4Net/src/Gp4Net/Domain/Commands/LoadCommand.cs(103,11): warning CS8632: The annotation for nullable reference types should only be used in code within a '#nullable' annotations context. [/Users/mistial/Projects/Gp4Net/src/Gp4Net/Gp4Net.csproj]
/Users/mistial/Projects/Gp4Net/src/Gp4Net/Domain/Keys/SecureKeyStorage.cs(146,38): warning CS8632: The annotation for nullable reference types should only be used in code within a '#nullable' annotations context. [/Users/mistial/Projects/Gp4Net/src/Gp4Net/Gp4Net.csproj]
/Users/mistial/Projects/Gp4Net/src/Gp4Net/Domain/Keys/SecureKeyStorage.cs(156,76): warning CS8632: The annotation for nullable reference types should only be used in code within a '#nullable' annotations context. [/Users/mistial/Projects/Gp4Net/src/Gp4Net/Gp4Net.csproj]
/Users/mistial/Projects/Gp4Net/src/Gp4Net/Domain/Keys/SessionKeys.cs(50,18): warning CS8632: The annotation for nullable reference types should only be used in code within a '#nullable' annotations context. [/Users/mistial/Projects/Gp4Net/src/Gp4Net/Gp4Net.csproj]
/Users/mistial/Projects/Gp4Net/src/Gp4Net/Domain/Commands/InstallCommand.cs(142,19): warning CS8632: The annotation for nullable reference types should only be used in code within a '#nullable' annotations context. [/Users/mistial/Projects/Gp4Net/src/Gp4Net/Gp4Net.csproj]
/Users/mistial/Projects/Gp4Net/src/Gp4Net/Domain/Commands/InstallCommand.cs(143,19): warning CS8632: The annotation for nullable reference types should only be used in code within a '#nullable' annotations context. [/Users/mistial/Projects/Gp4Net/src/Gp4Net/Gp4Net.csproj]
/Users/mistial/Projects/Gp4Net/src/Gp4Net/Domain/Commands/InstallCommand.cs(144,19): warning CS8632: The annotation for nullable reference types should only be used in code within a '#nullable' annotations context. [/Users/mistial/Projects/Gp4Net/src/Gp4Net/Gp4Net.csproj]
/Users/mistial/Projects/Gp4Net/src/Gp4Net/Domain/Keys/SessionKeys.cs(61,70): warning CS8632: The annotation for nullable reference types should only be used in code within a '#nullable' annotations context. [/Users/mistial/Projects/Gp4Net/src/Gp4Net/Gp4Net.csproj]
/Users/mistial/Projects/Gp4Net/src/Gp4Net/Domain/Commands/RMacSessionCommands.cs(58,18): warning CS8632: The annotation for nullable reference types should only be used in code within a '#nullable' annotations context. [/Users/mistial/Projects/Gp4Net/src/Gp4Net/Gp4Net.csproj]
/Users/mistial/Projects/Gp4Net/src/Gp4Net/Domain/Commands/RMacSessionCommands.cs(63,18): warning CS8632: The annotation for nullable reference types should only be used in code within a '#nullable' annotations context. [/Users/mistial/Projects/Gp4Net/src/Gp4Net/Gp4Net.csproj]
/Users/mistial/Projects/Gp4Net/src/Gp4Net/Domain/Commands/RMacSessionCommands.cs(124,15): warning CS8632: The annotation for nullable reference types should only be used in code within a '#nullable' annotations context. [/Users/mistial/Projects/Gp4Net/src/Gp4Net/Gp4Net.csproj]
/Users/mistial/Projects/Gp4Net/src/Gp4Net/Domain/Commands/RMacSessionCommands.cs(125,15): warning CS8632: The annotation for nullable reference types should only be used in code within a '#nullable' annotations context. [/Users/mistial/Projects/Gp4Net/src/Gp4Net/Gp4Net.csproj]
/Users/mistial/Projects/Gp4Net/src/Gp4Net/Domain/Commands/RMacSessionCommands.cs(196,18): warning CS8632: The annotation for nullable reference types should only be used in code within a '#nullable' annotations context. [/Users/mistial/Projects/Gp4Net/src/Gp4Net/Gp4Net.csproj]
/Users/mistial/Projects/Gp4Net/src/Gp4Net/Pipeline/Middleware/SecureChannelMiddleware.cs(19,54): warning CS8632: The annotation for nullable reference types should only be used in code within a '#nullable' annotations context. [/Users/mistial/Projects/Gp4Net/src/Gp4Net/Gp4Net.csproj]
/Users/mistial/Projects/Gp4Net/src/Gp4Net/Domain/Commands/RMacSessionCommands.cs(245,15): warning CS8632: The annotation for nullable reference types should only be used in code within a '#nullable' annotations context. [/Users/mistial/Projects/Gp4Net/src/Gp4Net/Gp4Net.csproj]
/Users/mistial/Projects/Gp4Net/src/Gp4Net/Domain/Commands/RMacSessionCommands.cs(72,62): warning CS8632: The annotation for nullable reference types should only be used in code within a '#nullable' annotations context. [/Users/mistial/Projects/Gp4Net/src/Gp4Net/Gp4Net.csproj]
/Users/mistial/Projects/Gp4Net/src/Gp4Net/Domain/Commands/RMacSessionCommands.cs(72,83): warning CS8632: The annotation for nullable reference types should only be used in code within a '#nullable' annotations context. [/Users/mistial/Projects/Gp4Net/src/Gp4Net/Gp4Net.csproj]
/Users/mistial/Projects/Gp4Net/src/Gp4Net/Pipeline/Middleware/SecureChannelMiddleware.cs(24,68): warning CS8632: The annotation for nullable reference types should only be used in code within a '#nullable' annotations context. [/Users/mistial/Projects/Gp4Net/src/Gp4Net/Gp4Net.csproj]
/Users/mistial/Projects/Gp4Net/src/Gp4Net/Domain/Commands/PutKeyCommand.cs(304,18): warning CS8632: The annotation for nullable reference types should only be used in code within a '#nullable' annotations context. [/Users/mistial/Projects/Gp4Net/src/Gp4Net/Gp4Net.csproj]
/Users/mistial/Projects/Gp4Net/src/Gp4Net/Domain/Commands/RMacSessionCommands.cs(204,60): warning CS8632: The annotation for nullable reference types should only be used in code within a '#nullable' annotations context. [/Users/mistial/Projects/Gp4Net/src/Gp4Net/Gp4Net.csproj]
/Users/mistial/Projects/Gp4Net/src/Gp4Net/Domain/Commands/PutKeyCommand.cs(344,92): warning CS8632: The annotation for nullable reference types should only be used in code within a '#nullable' annotations context. [/Users/mistial/Projects/Gp4Net/src/Gp4Net/Gp4Net.csproj]
/Users/mistial/Projects/Gp4Net/src/Gp4Net/Domain/Commands/PutKeyCommand.cs(372,15): warning CS8632: The annotation for nullable reference types should only be used in code within a '#nullable' annotations context. [/Users/mistial/Projects/Gp4Net/src/Gp4Net/Gp4Net.csproj]
/Users/mistial/Projects/Gp4Net/src/Gp4Net/Domain/Commands/PutKeyCommand.cs(401,15): warning CS8632: The annotation for nullable reference types should only be used in code within a '#nullable' annotations context. [/Users/mistial/Projects/Gp4Net/src/Gp4Net/Gp4Net.csproj]
/Users/mistial/Projects/Gp4Net/src/Gp4Net/Domain/Commands/PutKeyCommand.cs(428,95): warning CS8632: The annotation for nullable reference types should only be used in code within a '#nullable' annotations context. [/Users/mistial/Projects/Gp4Net/src/Gp4Net/Gp4Net.csproj]
/Users/mistial/Projects/Gp4Net/src/Gp4Net/Pipeline/Middleware/SecureChannelMiddleware.cs(195,22): warning CS8632: The annotation for nullable reference types should only be used in code within a '#nullable' annotations context. [/Users/mistial/Projects/Gp4Net/src/Gp4Net/Gp4Net.csproj]
/Users/mistial/Projects/Gp4Net/src/Gp4Net/Domain/Commands/PutKeyCommand.cs(454,95): warning CS8632: The annotation for nullable reference types should only be used in code within a '#nullable' annotations context. [/Users/mistial/Projects/Gp4Net/src/Gp4Net/Gp4Net.csproj]
/Users/mistial/Projects/Gp4Net/src/Gp4Net/Domain/Commands/PutKeyCommand.cs(480,95): warning CS8632: The annotation for nullable reference types should only be used in code within a '#nullable' annotations context. [/Users/mistial/Projects/Gp4Net/src/Gp4Net/Gp4Net.csproj]
/Users/mistial/Projects/Gp4Net/src/Gp4Net/Domain/Protocol/Scp02ProtocolImpl.cs(85,15): warning CS8632: The annotation for nullable reference types should only be used in code within a '#nullable' annotations context. [/Users/mistial/Projects/Gp4Net/src/Gp4Net/Gp4Net.csproj]
/Users/mistial/Projects/Gp4Net/src/Gp4Net/Domain/Commands/PutKeyCommand.cs(312,60): warning CS8632: The annotation for nullable reference types should only be used in code within a '#nullable' annotations context. [/Users/mistial/Projects/Gp4Net/src/Gp4Net/Gp4Net.csproj]
/Users/mistial/Projects/Gp4Net/src/Gp4Net/Pipeline/Middleware/StateCapturingMiddleware.cs(161,26): warning CS8632: The annotation for nullable reference types should only be used in code within a '#nullable' annotations context. [/Users/mistial/Projects/Gp4Net/src/Gp4Net/Gp4Net.csproj]
/Users/mistial/Projects/Gp4Net/src/Gp4Net/Pipeline/Middleware/StateCapturingMiddleware.cs(16,55): warning CS8632: The annotation for nullable reference types should only be used in code within a '#nullable' annotations context. [/Users/mistial/Projects/Gp4Net/src/Gp4Net/Gp4Net.csproj]
/Users/mistial/Projects/Gp4Net/src/Gp4Net/Domain/Security/MacOperations.cs(88,15): warning CS8632: The annotation for nullable reference types should only be used in code within a '#nullable' annotations context. [/Users/mistial/Projects/Gp4Net/src/Gp4Net/Gp4Net.csproj]
/Users/mistial/Projects/Gp4Net/src/Gp4Net/Domain/Commands/SelectCommand.cs(188,27): warning CS8632: The annotation for nullable reference types should only be used in code within a '#nullable' annotations context. [/Users/mistial/Projects/Gp4Net/src/Gp4Net/Gp4Net.csproj]
/Users/mistial/Projects/Gp4Net/src/Gp4Net/Pipeline/Middleware/StateCapturingMiddleware.cs(21,70): warning CS8632: The annotation for nullable reference types should only be used in code within a '#nullable' annotations context. [/Users/mistial/Projects/Gp4Net/src/Gp4Net/Gp4Net.csproj]
/Users/mistial/Projects/Gp4Net/src/Gp4Net/Domain/Commands/SelectCommand.cs(312,34): warning CS8632: The annotation for nullable reference types should only be used in code within a '#nullable' annotations context. [/Users/mistial/Projects/Gp4Net/src/Gp4Net/Gp4Net.csproj]
/Users/mistial/Projects/Gp4Net/src/Gp4Net/Domain/Commands/SelectCommand.cs(375,42): warning CS8632: The annotation for nullable reference types should only be used in code within a '#nullable' annotations context. [/Users/mistial/Projects/Gp4Net/src/Gp4Net/Gp4Net.csproj]
/Users/mistial/Projects/Gp4Net/src/Gp4Net/Domain/Commands/SelectCommand.cs(466,19): warning CS8632: The annotation for nullable reference types should only be used in code within a '#nullable' annotations context. [/Users/mistial/Projects/Gp4Net/src/Gp4Net/Gp4Net.csproj]
/Users/mistial/Projects/Gp4Net/src/Gp4Net/Domain/Commands/SelectCommand.cs(467,19): warning CS8632: The annotation for nullable reference types should only be used in code within a '#nullable' annotations context. [/Users/mistial/Projects/Gp4Net/src/Gp4Net/Gp4Net.csproj]
/Users/mistial/Projects/Gp4Net/src/Gp4Net/Domain/Commands/SelectCommand.cs(468,19): warning CS8632: The annotation for nullable reference types should only be used in code within a '#nullable' annotations context. [/Users/mistial/Projects/Gp4Net/src/Gp4Net/Gp4Net.csproj]
/Users/mistial/Projects/Gp4Net/src/Gp4Net/Domain/Commands/SelectCommand.cs(324,65): warning CS8632: The annotation for nullable reference types should only be used in code within a '#nullable' annotations context. [/Users/mistial/Projects/Gp4Net/src/Gp4Net/Gp4Net.csproj]
/Users/mistial/Projects/Gp4Net/src/Gp4Net/Domain/Commands/InstallCommand.cs(320,19): warning CS8632: The annotation for nullable reference types should only be used in code within a '#nullable' annotations context. [/Users/mistial/Projects/Gp4Net/src/Gp4Net/Gp4Net.csproj]
/Users/mistial/Projects/Gp4Net/src/Gp4Net/Domain/Commands/InstallCommand.cs(321,19): warning CS8632: The annotation for nullable reference types should only be used in code within a '#nullable' annotations context. [/Users/mistial/Projects/Gp4Net/src/Gp4Net/Gp4Net.csproj]
/Users/mistial/Projects/Gp4Net/src/Gp4Net/Domain/Commands/InstallCommand.cs(366,19): warning CS8632: The annotation for nullable reference types should only be used in code within a '#nullable' annotations context. [/Users/mistial/Projects/Gp4Net/src/Gp4Net/Gp4Net.csproj]
/Users/mistial/Projects/Gp4Net/src/Gp4Net/Domain/Commands/InstallCommand.cs(367,19): warning CS8632: The annotation for nullable reference types should only be used in code within a '#nullable' annotations context. [/Users/mistial/Projects/Gp4Net/src/Gp4Net/Gp4Net.csproj]
/Users/mistial/Projects/Gp4Net/src/Gp4Net/Pipeline/Middleware/TransportMiddleware.cs(20,50): warning CS8632: The annotation for nullable reference types should only be used in code within a '#nullable' annotations context. [/Users/mistial/Projects/Gp4Net/src/Gp4Net/Gp4Net.csproj]
/Users/mistial/Projects/Gp4Net/src/Gp4Net/Pipeline/Middleware/TransportMiddleware.cs(25,86): warning CS8632: The annotation for nullable reference types should only be used in code within a '#nullable' annotations context. [/Users/mistial/Projects/Gp4Net/src/Gp4Net/Gp4Net.csproj]
/Users/mistial/Projects/Gp4Net/src/Gp4Net/Domain/Protocol/Scp03Protocol.cs(367,17): warning CS0108: 'Scp03Protocol.VerifyCardCryptogram(InitializeUpdateResponse, byte[], SessionKeys)' hides inherited member 'SecureChannelProtocolBase.VerifyCardCryptogram(InitializeUpdateResponse, byte[], SessionKeys)'. Use the new keyword if hiding was intended. [/Users/mistial/Projects/Gp4Net/src/Gp4Net/Gp4Net.csproj]
/Users/mistial/Projects/Gp4Net/src/Gp4Net/Domain/Commands/StoreDataCommand.cs(110,18): warning CS8632: The annotation for nullable reference types should only be used in code within a '#nullable' annotations context. [/Users/mistial/Projects/Gp4Net/src/Gp4Net/Gp4Net.csproj]
/Users/mistial/Projects/Gp4Net/src/Gp4Net/Domain/Protocol/Scp03ProtocolImpl.cs(80,15): warning CS8632: The annotation for nullable reference types should only be used in code within a '#nullable' annotations context. [/Users/mistial/Projects/Gp4Net/src/Gp4Net/Gp4Net.csproj]
/Users/mistial/Projects/Gp4Net/src/Gp4Net/Domain/Protocol/ScpCommonOperations.cs(27,53): warning CS8632: The annotation for nullable reference types should only be used in code within a '#nullable' annotations context. [/Users/mistial/Projects/Gp4Net/src/Gp4Net/Gp4Net.csproj]
/Users/mistial/Projects/Gp4Net/src/Gp4Net/Domain/Commands/SelectCommand.cs(221,18): warning CS8632: The annotation for nullable reference types should only be used in code within a '#nullable' annotations context. [/Users/mistial/Projects/Gp4Net/src/Gp4Net/Gp4Net.csproj]
/Users/mistial/Projects/Gp4Net/src/Gp4Net/Domain/Commands/SelectCommand.cs(226,18): warning CS8632: The annotation for nullable reference types should only be used in code within a '#nullable' annotations context. [/Users/mistial/Projects/Gp4Net/src/Gp4Net/Gp4Net.csproj]
/Users/mistial/Projects/Gp4Net/src/Gp4Net/Domain/Commands/SelectCommand.cs(246,18): warning CS8632: The annotation for nullable reference types should only be used in code within a '#nullable' annotations context. [/Users/mistial/Projects/Gp4Net/src/Gp4Net/Gp4Net.csproj]
/Users/mistial/Projects/Gp4Net/src/Gp4Net/Domain/Commands/SelectCommand.cs(251,18): warning CS8632: The annotation for nullable reference types should only be used in code within a '#nullable' annotations context. [/Users/mistial/Projects/Gp4Net/src/Gp4Net/Gp4Net.csproj]
/Users/mistial/Projects/Gp4Net/src/Gp4Net/Domain/Commands/SelectCommand.cs(256,18): warning CS8632: The annotation for nullable reference types should only be used in code within a '#nullable' annotations context. [/Users/mistial/Projects/Gp4Net/src/Gp4Net/Gp4Net.csproj]
/Users/mistial/Projects/Gp4Net/src/Gp4Net/Domain/Commands/SelectCommand.cs(261,18): warning CS8632: The annotation for nullable reference types should only be used in code within a '#nullable' annotations context. [/Users/mistial/Projects/Gp4Net/src/Gp4Net/Gp4Net.csproj]
/Users/mistial/Projects/Gp4Net/src/Gp4Net/Domain/Protocol/ScpCommonOperations.cs(332,56): warning CS8632: The annotation for nullable reference types should only be used in code within a '#nullable' annotations context. [/Users/mistial/Projects/Gp4Net/src/Gp4Net/Gp4Net.csproj]
/Users/mistial/Projects/Gp4Net/src/Gp4Net/Domain/Commands/SelectCommand.cs(276,15): warning CS8632: The annotation for nullable reference types should only be used in code within a '#nullable' annotations context. [/Users/mistial/Projects/Gp4Net/src/Gp4Net/Gp4Net.csproj]
/Users/mistial/Projects/Gp4Net/src/Gp4Net/Domain/Commands/SelectCommand.cs(277,15): warning CS8632: The annotation for nullable reference types should only be used in code within a '#nullable' annotations context. [/Users/mistial/Projects/Gp4Net/src/Gp4Net/Gp4Net.csproj]
/Users/mistial/Projects/Gp4Net/src/Gp4Net/Domain/Commands/SelectCommand.cs(281,15): warning CS8632: The annotation for nullable reference types should only be used in code within a '#nullable' annotations context. [/Users/mistial/Projects/Gp4Net/src/Gp4Net/Gp4Net.csproj]
/Users/mistial/Projects/Gp4Net/src/Gp4Net/Domain/Commands/SelectCommand.cs(282,15): warning CS8632: The annotation for nullable reference types should only be used in code within a '#nullable' annotations context. [/Users/mistial/Projects/Gp4Net/src/Gp4Net/Gp4Net.csproj]
/Users/mistial/Projects/Gp4Net/src/Gp4Net/Domain/Commands/SelectCommand.cs(283,15): warning CS8632: The annotation for nullable reference types should only be used in code within a '#nullable' annotations context. [/Users/mistial/Projects/Gp4Net/src/Gp4Net/Gp4Net.csproj]
/Users/mistial/Projects/Gp4Net/src/Gp4Net/Domain/Commands/SelectCommand.cs(284,15): warning CS8632: The annotation for nullable reference types should only be used in code within a '#nullable' annotations context. [/Users/mistial/Projects/Gp4Net/src/Gp4Net/Gp4Net.csproj]
/Users/mistial/Projects/Gp4Net/src/Gp4Net/Domain/CapFile/CapFileStructure.cs(858,15): warning CS8632: The annotation for nullable reference types should only be used in code within a '#nullable' annotations context. [/Users/mistial/Projects/Gp4Net/src/Gp4Net/Gp4Net.csproj]
/Users/mistial/Projects/Gp4Net/src/Gp4Net/Domain/CapFile/CapFileStructure.cs(859,15): warning CS8632: The annotation for nullable reference types should only be used in code within a '#nullable' annotations context. [/Users/mistial/Projects/Gp4Net/src/Gp4Net/Gp4Net.csproj]
/Users/mistial/Projects/Gp4Net/src/Gp4Net/Domain/Commands/SelectCommand.cs(392,19): warning CS8632: The annotation for nullable reference types should only be used in code within a '#nullable' annotations context. [/Users/mistial/Projects/Gp4Net/src/Gp4Net/Gp4Net.csproj]
/Users/mistial/Projects/Gp4Net/src/Gp4Net/Domain/Commands/SelectCommand.cs(393,19): warning CS8632: The annotation for nullable reference types should only be used in code within a '#nullable' annotations context. [/Users/mistial/Projects/Gp4Net/src/Gp4Net/Gp4Net.csproj]
/Users/mistial/Projects/Gp4Net/src/Gp4Net/Domain/Commands/SelectCommand.cs(397,19): warning CS8632: The annotation for nullable reference types should only be used in code within a '#nullable' annotations context. [/Users/mistial/Projects/Gp4Net/src/Gp4Net/Gp4Net.csproj]
/Users/mistial/Projects/Gp4Net/src/Gp4Net/Domain/Commands/SelectCommand.cs(398,19): warning CS8632: The annotation for nullable reference types should only be used in code within a '#nullable' annotations context. [/Users/mistial/Projects/Gp4Net/src/Gp4Net/Gp4Net.csproj]
/Users/mistial/Projects/Gp4Net/src/Gp4Net/Domain/Commands/SelectCommand.cs(399,19): warning CS8632: The annotation for nullable reference types should only be used in code within a '#nullable' annotations context. [/Users/mistial/Projects/Gp4Net/src/Gp4Net/Gp4Net.csproj]
/Users/mistial/Projects/Gp4Net/src/Gp4Net/Domain/Commands/SelectCommand.cs(400,19): warning CS8632: The annotation for nullable reference types should only be used in code within a '#nullable' annotations context. [/Users/mistial/Projects/Gp4Net/src/Gp4Net/Gp4Net.csproj]
/Users/mistial/Projects/Gp4Net/src/Gp4Net/Domain/DataObjects/CardCapabilitiesCodec.cs(142,34): warning CS8632: The annotation for nullable reference types should only be used in code within a '#nullable' annotations context. [/Users/mistial/Projects/Gp4Net/src/Gp4Net/Gp4Net.csproj]
/Users/mistial/Projects/Gp4Net/src/Gp4Net/Domain/DataObjects/CardCapabilitiesCodec.cs(143,39): warning CS8632: The annotation for nullable reference types should only be used in code within a '#nullable' annotations context. [/Users/mistial/Projects/Gp4Net/src/Gp4Net/Gp4Net.csproj]
/Users/mistial/Projects/Gp4Net/src/Gp4Net/Domain/CapFile/CapFileStructure.cs(240,15): warning CS8632: The annotation for nullable reference types should only be used in code within a '#nullable' annotations context. [/Users/mistial/Projects/Gp4Net/src/Gp4Net/Gp4Net.csproj]
/Users/mistial/Projects/Gp4Net/src/Gp4Net/Domain/CapFile/CapFileStructure.cs(244,21): warning CS8632: The annotation for nullable reference types should only be used in code within a '#nullable' annotations context. [/Users/mistial/Projects/Gp4Net/src/Gp4Net/Gp4Net.csproj]
/Users/mistial/Projects/Gp4Net/src/Gp4Net/Domain/Protocol/Scp02ProtocolService.cs(47,16): warning CS0618: 'CryptographicOperations.Calculate3DesMac(byte[], byte[])' is obsolete: 'Use CalculateFull3DesMac for cryptograms or CalculateRetailMac for C-MAC/R-MAC' [/Users/mistial/Projects/Gp4Net/src/Gp4Net/Gp4Net.csproj]
/Users/mistial/Projects/Gp4Net/src/Gp4Net/Domain/Protocol/Scp02ProtocolService.cs(70,16): warning CS0618: 'CryptographicOperations.Calculate3DesMac(byte[], byte[])' is obsolete: 'Use CalculateFull3DesMac for cryptograms or CalculateRetailMac for C-MAC/R-MAC' [/Users/mistial/Projects/Gp4Net/src/Gp4Net/Gp4Net.csproj]
/Users/mistial/Projects/Gp4Net/src/Gp4Net/Domain/Protocol/Scp02ProtocolService.cs(101,16): warning CS0618: 'CryptographicOperations.Calculate3DesMac(byte[], byte[])' is obsolete: 'Use CalculateFull3DesMac for cryptograms or CalculateRetailMac for C-MAC/R-MAC' [/Users/mistial/Projects/Gp4Net/src/Gp4Net/Gp4Net.csproj]
/Users/mistial/Projects/Gp4Net/src/Gp4Net/Domain/Protocol/Scp02ProtocolService.cs(314,16): warning CS0618: 'CryptographicOperations.Calculate3DesMac(byte[], byte[])' is obsolete: 'Use CalculateFull3DesMac for cryptograms or CalculateRetailMac for C-MAC/R-MAC' [/Users/mistial/Projects/Gp4Net/src/Gp4Net/Gp4Net.csproj]
/Users/mistial/Projects/Gp4Net/src/Gp4Net/Domain/Protocol/Scp02ProtocolService.cs(335,20): warning CS0618: 'CryptographicOperations.Calculate3DesMac(byte[], byte[])' is obsolete: 'Use CalculateFull3DesMac for cryptograms or CalculateRetailMac for C-MAC/R-MAC' [/Users/mistial/Projects/Gp4Net/src/Gp4Net/Gp4Net.csproj]
/Users/mistial/Projects/Gp4Net/src/Gp4Net/Domain/Commands/InitializeUpdateCommand.cs(255,15): warning CS8632: The annotation for nullable reference types should only be used in code within a '#nullable' annotations context. [/Users/mistial/Projects/Gp4Net/src/Gp4Net/Gp4Net.csproj]
/Users/mistial/Projects/Gp4Net/src/Gp4Net/Domain/Commands/DeleteCommand.cs(199,17): warning CS1573: Parameter 'deleteTokenKey' has no matching param tag in the XML comment for 'DeleteCommand.DeleteCommand(DeleteCommand.DeleteType, DeleteCommand.DeleteTarget, IList<byte[]>, byte[]?, byte[]?)' (but other parameters do) [/Users/mistial/Projects/Gp4Net/src/Gp4Net/Gp4Net.csproj]
/Users/mistial/Projects/Gp4Net/tests/Gp4Net.CardEmulator/Services/VirtualCardService.cs(217,32): warning CS0618: 'BaseApduCommand.ToApdu()' is obsolete: 'Use IApduTransport.TransmitAsync instead' [/Users/mistial/Projects/Gp4Net/tests/Gp4Net.CardEmulator/Gp4Net.CardEmulator.csproj]
/Users/mistial/Projects/Gp4Net/tests/Gp4Net.CardEmulator/Functional/ICryptographicService.cs(116,19): warning CS1573: Parameter 'currentState' has no matching param tag in the XML comment for 'ICryptographicService.ApplyResponseSecurity(byte[], SessionKeys, byte[], uint, byte, byte, CardState)' (but other parameters do) [/Users/mistial/Projects/Gp4Net/tests/Gp4Net.CardEmulator/Gp4Net.CardEmulator.csproj]
/Users/mistial/Projects/Gp4Net/src/Gp4Net.Tool/Services/LuaVirtualCardService.cs(15,68): warning CS1570: XML comment has badly formed XML -- 'Reference to undefined entity 'param'.' [/Users/mistial/Projects/Gp4Net/src/Gp4Net.Tool/Gp4Net.Tool.csproj]
/Users/mistial/Projects/Gp4Net/src/Gp4Net.Tool/Pipeline/CommandContext.cs(47,67): warning CS8632: The annotation for nullable reference types should only be used in code within a '#nullable' annotations context. [/Users/mistial/Projects/Gp4Net/src/Gp4Net.Tool/Gp4Net.Tool.csproj]
/Users/mistial/Projects/Gp4Net/src/Gp4Net.Tool/Pipeline/CommandContext.cs(91,15): warning CS8632: The annotation for nullable reference types should only be used in code within a '#nullable' annotations context. [/Users/mistial/Projects/Gp4Net/src/Gp4Net.Tool/Gp4Net.Tool.csproj]
/Users/mistial/Projects/Gp4Net/src/Gp4Net.Tool/Commands/BaseCommand.cs(233,18): warning CS8632: The annotation for nullable reference types should only be used in code within a '#nullable' annotations context. [/Users/mistial/Projects/Gp4Net/src/Gp4Net.Tool/Gp4Net.Tool.csproj]
/Users/mistial/Projects/Gp4Net/src/Gp4Net.Tool/Commands/BaseCommand.cs(264,18): warning CS8632: The annotation for nullable reference types should only be used in code within a '#nullable' annotations context. [/Users/mistial/Projects/Gp4Net/src/Gp4Net.Tool/Gp4Net.Tool.csproj]
/Users/mistial/Projects/Gp4Net/src/Gp4Net.Tool/Commands/BaseCommand.cs(273,20): warning CS8632: The annotation for nullable reference types should only be used in code within a '#nullable' annotations context. [/Users/mistial/Projects/Gp4Net/src/Gp4Net.Tool/Gp4Net.Tool.csproj]
/Users/mistial/Projects/Gp4Net/src/Gp4Net.Tool/Infrastructure/CliCommandAttribute.cs(38,71): warning CS8632: The annotation for nullable reference types should only be used in code within a '#nullable' annotations context. [/Users/mistial/Projects/Gp4Net/src/Gp4Net.Tool/Gp4Net.Tool.csproj]
/Users/mistial/Projects/Gp4Net/src/Gp4Net.Tool/Pipeline/ICliExecutionContext.cs(37,60): warning CS8632: The annotation for nullable reference types should only be used in code within a '#nullable' annotations context. [/Users/mistial/Projects/Gp4Net/src/Gp4Net.Tool/Gp4Net.Tool.csproj]
/Users/mistial/Projects/Gp4Net/src/Gp4Net.Tool/Commands/BaseCommand.cs(304,18): warning CS8632: The annotation for nullable reference types should only be used in code within a '#nullable' annotations context. [/Users/mistial/Projects/Gp4Net/src/Gp4Net.Tool/Gp4Net.Tool.csproj]
/Users/mistial/Projects/Gp4Net/src/Gp4Net.Tool/Commands/BaseCommand.cs(312,18): warning CS8632: The annotation for nullable reference types should only be used in code within a '#nullable' annotations context. [/Users/mistial/Projects/Gp4Net/src/Gp4Net.Tool/Gp4Net.Tool.csproj]
/Users/mistial/Projects/Gp4Net/src/Gp4Net.Tool/Pipeline/ICliExecutionContext.cs(42,83): warning CS8632: The annotation for nullable reference types should only be used in code within a '#nullable' annotations context. [/Users/mistial/Projects/Gp4Net/src/Gp4Net.Tool/Gp4Net.Tool.csproj]
/Users/mistial/Projects/Gp4Net/src/Gp4Net.Tool/Commands/BaseCommand.cs(320,18): warning CS8632: The annotation for nullable reference types should only be used in code within a '#nullable' annotations context. [/Users/mistial/Projects/Gp4Net/src/Gp4Net.Tool/Gp4Net.Tool.csproj]
/Users/mistial/Projects/Gp4Net/src/Gp4Net.Tool/Pipeline/CommandHandlerAttribute.cs(21,18): warning CS8632: The annotation for nullable reference types should only be used in code within a '#nullable' annotations context. [/Users/mistial/Projects/Gp4Net/src/Gp4Net.Tool/Gp4Net.Tool.csproj]
/Users/mistial/Projects/Gp4Net/src/Gp4Net.Tool/Pipeline/CommandContext.cs(21,51): warning CS8632: The annotation for nullable reference types should only be used in code within a '#nullable' annotations context. [/Users/mistial/Projects/Gp4Net/src/Gp4Net.Tool/Gp4Net.Tool.csproj]
/Users/mistial/Projects/Gp4Net/src/Gp4Net.Tool/Infrastructure/CliCommandAttribute.cs(24,18): warning CS8632: The annotation for nullable reference types should only be used in code within a '#nullable' annotations context. [/Users/mistial/Projects/Gp4Net/src/Gp4Net.Tool/Gp4Net.Tool.csproj]
/Users/mistial/Projects/Gp4Net/src/Gp4Net.Tool/Pipeline/CommandHandlerAttribute.cs(16,18): warning CS8632: The annotation for nullable reference types should only be used in code within a '#nullable' annotations context. [/Users/mistial/Projects/Gp4Net/src/Gp4Net.Tool/Gp4Net.Tool.csproj]
/Users/mistial/Projects/Gp4Net/src/Gp4Net.Tool/Infrastructure/CardServiceProvider.cs(12,32): warning CS8632: The annotation for nullable reference types should only be used in code within a '#nullable' annotations context. [/Users/mistial/Projects/Gp4Net/src/Gp4Net.Tool/Gp4Net.Tool.csproj]
/Users/mistial/Projects/Gp4Net/src/Gp4Net.Tool/Commands/Packages/AnalyzeExpCommand.cs(65,15): warning CS8632: The annotation for nullable reference types should only be used in code within a '#nullable' annotations context. [/Users/mistial/Projects/Gp4Net/src/Gp4Net.Tool/Gp4Net.Tool.csproj]
/Users/mistial/Projects/Gp4Net/src/Gp4Net.Tool/Commands/Applet/DeleteCommand.cs(509,22): warning CS8632: The annotation for nullable reference types should only be used in code within a '#nullable' annotations context. [/Users/mistial/Projects/Gp4Net/src/Gp4Net.Tool/Gp4Net.Tool.csproj]
/Users/mistial/Projects/Gp4Net/src/Gp4Net.Tool/Commands/Applet/DeleteCommand.cs(537,22): warning CS8632: The annotation for nullable reference types should only be used in code within a '#nullable' annotations context. [/Users/mistial/Projects/Gp4Net/src/Gp4Net.Tool/Gp4Net.Tool.csproj]
/Users/mistial/Projects/Gp4Net/src/Gp4Net.Tool/Commands/Packages/AnalyzeExpCommand.cs(287,26): warning CS8632: The annotation for nullable reference types should only be used in code within a '#nullable' annotations context. [/Users/mistial/Projects/Gp4Net/src/Gp4Net.Tool/Gp4Net.Tool.csproj]
/Users/mistial/Projects/Gp4Net/src/Gp4Net.Tool/Commands/Packages/AnalyzeExpCommand.cs(333,15): warning CS8632: The annotation for nullable reference types should only be used in code within a '#nullable' annotations context. [/Users/mistial/Projects/Gp4Net/src/Gp4Net.Tool/Gp4Net.Tool.csproj]
/Users/mistial/Projects/Gp4Net/src/Gp4Net.Tool/Commands/Packages/AnalyzeExpCommand.cs(330,31): warning CS8632: The annotation for nullable reference types should only be used in code within a '#nullable' annotations context. [/Users/mistial/Projects/Gp4Net/src/Gp4Net.Tool/Gp4Net.Tool.csproj]
/Users/mistial/Projects/Gp4Net/src/Gp4Net.Tool/Infrastructure/ByteTypeConverter.cs(15,63): warning CS8632: The annotation for nullable reference types should only be used in code within a '#nullable' annotations context. [/Users/mistial/Projects/Gp4Net/src/Gp4Net.Tool/Gp4Net.Tool.csproj]
/Users/mistial/Projects/Gp4Net/src/Gp4Net.Tool/Pipeline/CommandTestExtensions.cs(19,27): warning CS8632: The annotation for nullable reference types should only be used in code within a '#nullable' annotations context. [/Users/mistial/Projects/Gp4Net/src/Gp4Net.Tool/Gp4Net.Tool.csproj]
/Users/mistial/Projects/Gp4Net/src/Gp4Net.Tool/Infrastructure/ByteTypeConverter.cs(25,31): warning CS8632: The annotation for nullable reference types should only be used in code within a '#nullable' annotations context. [/Users/mistial/Projects/Gp4Net/src/Gp4Net.Tool/Gp4Net.Tool.csproj]
/Users/mistial/Projects/Gp4Net/src/Gp4Net.Tool/Infrastructure/ByteTypeConverter.cs(26,20): warning CS8632: The annotation for nullable reference types should only be used in code within a '#nullable' annotations context. [/Users/mistial/Projects/Gp4Net/src/Gp4Net.Tool/Gp4Net.Tool.csproj]
/Users/mistial/Projects/Gp4Net/src/Gp4Net.Tool/Infrastructure/ByteTypeConverter.cs(24,27): warning CS8632: The annotation for nullable reference types should only be used in code within a '#nullable' annotations context. [/Users/mistial/Projects/Gp4Net/src/Gp4Net.Tool/Gp4Net.Tool.csproj]
/Users/mistial/Projects/Gp4Net/src/Gp4Net.Tool/Pipeline/CommandRegistrationService.cs(135,18): warning CS8632: The annotation for nullable reference types should only be used in code within a '#nullable' annotations context. [/Users/mistial/Projects/Gp4Net/src/Gp4Net.Tool/Gp4Net.Tool.csproj]
/Users/mistial/Projects/Gp4Net/src/Gp4Net.Tool/Commands/Packages/AnalyzeExpCommand.cs(669,22): warning CS8632: The annotation for nullable reference types should only be used in code within a '#nullable' annotations context. [/Users/mistial/Projects/Gp4Net/src/Gp4Net.Tool/Gp4Net.Tool.csproj]
/Users/mistial/Projects/Gp4Net/src/Gp4Net.Tool/Commands/Packages/AnalyzeExpCommand.cs(676,22): warning CS8632: The annotation for nullable reference types should only be used in code within a '#nullable' annotations context. [/Users/mistial/Projects/Gp4Net/src/Gp4Net.Tool/Gp4Net.Tool.csproj]
/Users/mistial/Projects/Gp4Net/src/Gp4Net.Tool/Infrastructure/ByteTypeConverter.cs(115,61): warning CS8632: The annotation for nullable reference types should only be used in code within a '#nullable' annotations context. [/Users/mistial/Projects/Gp4Net/src/Gp4Net.Tool/Gp4Net.Tool.csproj]
/Users/mistial/Projects/Gp4Net/src/Gp4Net.Tool/Infrastructure/ByteTypeConverter.cs(115,76): warning CS8632: The annotation for nullable reference types should only be used in code within a '#nullable' annotations context. [/Users/mistial/Projects/Gp4Net/src/Gp4Net.Tool/Gp4Net.Tool.csproj]
/Users/mistial/Projects/Gp4Net/src/Gp4Net.Tool/Infrastructure/ByteTypeConverter.cs(122,31): warning CS8632: The annotation for nullable reference types should only be used in code within a '#nullable' annotations context. [/Users/mistial/Projects/Gp4Net/src/Gp4Net.Tool/Gp4Net.Tool.csproj]
/Users/mistial/Projects/Gp4Net/src/Gp4Net.Tool/Infrastructure/ByteTypeConverter.cs(123,20): warning CS8632: The annotation for nullable reference types should only be used in code within a '#nullable' annotations context. [/Users/mistial/Projects/Gp4Net/src/Gp4Net.Tool/Gp4Net.Tool.csproj]
/Users/mistial/Projects/Gp4Net/src/Gp4Net.Tool/Infrastructure/ByteTypeConverter.cs(124,15): warning CS8632: The annotation for nullable reference types should only be used in code within a '#nullable' annotations context. [/Users/mistial/Projects/Gp4Net/src/Gp4Net.Tool/Gp4Net.Tool.csproj]
/Users/mistial/Projects/Gp4Net/src/Gp4Net.Tool/Infrastructure/ByteTypeConverter.cs(121,27): warning CS8632: The annotation for nullable reference types should only be used in code within a '#nullable' annotations context. [/Users/mistial/Projects/Gp4Net/src/Gp4Net.Tool/Gp4Net.Tool.csproj]
/Users/mistial/Projects/Gp4Net/src/Gp4Net.Tool/Infrastructure/CliCommandMetadata.cs(20,11): warning CS8632: The annotation for nullable reference types should only be used in code within a '#nullable' annotations context. [/Users/mistial/Projects/Gp4Net/src/Gp4Net.Tool/Gp4Net.Tool.csproj]
/Users/mistial/Projects/Gp4Net/src/Gp4Net.Tool/Pipeline/FunctionalCliContext.cs(40,73): warning CS8632: The annotation for nullable reference types should only be used in code within a '#nullable' annotations context. [/Users/mistial/Projects/Gp4Net/src/Gp4Net.Tool/Gp4Net.Tool.csproj]
/Users/mistial/Projects/Gp4Net/src/Gp4Net.Tool/Commands/Packages/AnalyzeExpCommand.cs(703,22): warning CS8632: The annotation for nullable reference types should only be used in code within a '#nullable' annotations context. [/Users/mistial/Projects/Gp4Net/src/Gp4Net.Tool/Gp4Net.Tool.csproj]
/Users/mistial/Projects/Gp4Net/src/Gp4Net.Tool/Commands/Packages/AnalyzeExpCommand.cs(704,22): warning CS8632: The annotation for nullable reference types should only be used in code within a '#nullable' annotations context. [/Users/mistial/Projects/Gp4Net/src/Gp4Net.Tool/Gp4Net.Tool.csproj]
/Users/mistial/Projects/Gp4Net/src/Gp4Net.Tool/Commands/Packages/AnalyzeExpCommand.cs(705,22): warning CS8632: The annotation for nullable reference types should only be used in code within a '#nullable' annotations context. [/Users/mistial/Projects/Gp4Net/src/Gp4Net.Tool/Gp4Net.Tool.csproj]
/Users/mistial/Projects/Gp4Net/src/Gp4Net.Tool/Pipeline/FunctionalCliContext.cs(59,15): warning CS8632: The annotation for nullable reference types should only be used in code within a '#nullable' annotations context. [/Users/mistial/Projects/Gp4Net/src/Gp4Net.Tool/Gp4Net.Tool.csproj]
/Users/mistial/Projects/Gp4Net/src/Gp4Net.Tool/Commands/Packages/AnalyzeExpCommand.cs(706,27): warning CS8632: The annotation for nullable reference types should only be used in code within a '#nullable' annotations context. [/Users/mistial/Projects/Gp4Net/src/Gp4Net.Tool/Gp4Net.Tool.csproj]
/Users/mistial/Projects/Gp4Net/src/Gp4Net.Tool/Pipeline/FunctionalCliContext.cs(97,71): warning CS8632: The annotation for nullable reference types should only be used in code within a '#nullable' annotations context. [/Users/mistial/Projects/Gp4Net/src/Gp4Net.Tool/Gp4Net.Tool.csproj]
/Users/mistial/Projects/Gp4Net/src/Gp4Net.Tool/Pipeline/FunctionalCliContext.cs(135,15): warning CS8632: The annotation for nullable reference types should only be used in code within a '#nullable' annotations context. [/Users/mistial/Projects/Gp4Net/src/Gp4Net.Tool/Gp4Net.Tool.csproj]
/Users/mistial/Projects/Gp4Net/src/Gp4Net.Tool/Commands/Packages/AnalyzeExpCommand.cs(717,22): warning CS8632: The annotation for nullable reference types should only be used in code within a '#nullable' annotations context. [/Users/mistial/Projects/Gp4Net/src/Gp4Net.Tool/Gp4Net.Tool.csproj]
/Users/mistial/Projects/Gp4Net/src/Gp4Net.Tool/Pipeline/FunctionalCliContext.cs(19,51): warning CS8632: The annotation for nullable reference types should only be used in code within a '#nullable' annotations context. [/Users/mistial/Projects/Gp4Net/src/Gp4Net.Tool/Gp4Net.Tool.csproj]
/Users/mistial/Projects/Gp4Net/src/Gp4Net.Tool/Pipeline/FunctionalCommandExtensions.cs(37,15): warning CS8632: The annotation for nullable reference types should only be used in code within a '#nullable' annotations context. [/Users/mistial/Projects/Gp4Net/src/Gp4Net.Tool/Gp4Net.Tool.csproj]
/Users/mistial/Projects/Gp4Net/src/Gp4Net.Tool/Pipeline/FunctionalCommandExtensions.cs(61,15): warning CS8632: The annotation for nullable reference types should only be used in code within a '#nullable' annotations context. [/Users/mistial/Projects/Gp4Net/src/Gp4Net.Tool/Gp4Net.Tool.csproj]
/Users/mistial/Projects/Gp4Net/src/Gp4Net.Tool/Infrastructure/HexStringTypeConverter.cs(15,63): warning CS8632: The annotation for nullable reference types should only be used in code within a '#nullable' annotations context. [/Users/mistial/Projects/Gp4Net/src/Gp4Net.Tool/Gp4Net.Tool.csproj]
/Users/mistial/Projects/Gp4Net/src/Gp4Net.Tool/Infrastructure/HexStringTypeConverter.cs(22,31): warning CS8632: The annotation for nullable reference types should only be used in code within a '#nullable' annotations context. [/Users/mistial/Projects/Gp4Net/src/Gp4Net.Tool/Gp4Net.Tool.csproj]
/Users/mistial/Projects/Gp4Net/src/Gp4Net.Tool/Infrastructure/HexStringTypeConverter.cs(23,20): warning CS8632: The annotation for nullable reference types should only be used in code within a '#nullable' annotations context. [/Users/mistial/Projects/Gp4Net/src/Gp4Net.Tool/Gp4Net.Tool.csproj]
/Users/mistial/Projects/Gp4Net/src/Gp4Net.Tool/Infrastructure/HexStringTypeConverter.cs(21,27): warning CS8632: The annotation for nullable reference types should only be used in code within a '#nullable' annotations context. [/Users/mistial/Projects/Gp4Net/src/Gp4Net.Tool/Gp4Net.Tool.csproj]
/Users/mistial/Projects/Gp4Net/src/Gp4Net.Tool/Infrastructure/ReaderNameTypeConverter.cs(21,63): warning CS8632: The annotation for nullable reference types should only be used in code within a '#nullable' annotations context. [/Users/mistial/Projects/Gp4Net/src/Gp4Net.Tool/Gp4Net.Tool.csproj]
/Users/mistial/Projects/Gp4Net/src/Gp4Net.Tool/Infrastructure/ReaderNameTypeConverter.cs(28,31): warning CS8632: The annotation for nullable reference types should only be used in code within a '#nullable' annotations context. [/Users/mistial/Projects/Gp4Net/src/Gp4Net.Tool/Gp4Net.Tool.csproj]
/Users/mistial/Projects/Gp4Net/src/Gp4Net.Tool/Infrastructure/ReaderNameTypeConverter.cs(29,20): warning CS8632: The annotation for nullable reference types should only be used in code within a '#nullable' annotations context. [/Users/mistial/Projects/Gp4Net/src/Gp4Net.Tool/Gp4Net.Tool.csproj]
/Users/mistial/Projects/Gp4Net/src/Gp4Net.Tool/Infrastructure/ReaderNameTypeConverter.cs(27,27): warning CS8632: The annotation for nullable reference types should only be used in code within a '#nullable' annotations context. [/Users/mistial/Projects/Gp4Net/src/Gp4Net.Tool/Gp4Net.Tool.csproj]
/Users/mistial/Projects/Gp4Net/src/Gp4Net.Tool/Pipeline/MockCommandContext.cs(55,73): warning CS8632: The annotation for nullable reference types should only be used in code within a '#nullable' annotations context. [/Users/mistial/Projects/Gp4Net/src/Gp4Net.Tool/Gp4Net.Tool.csproj]
/Users/mistial/Projects/Gp4Net/src/Gp4Net.Tool/Infrastructure/ReaderNameTypeConverter.cs(203,82): warning CS8632: The annotation for nullable reference types should only be used in code within a '#nullable' annotations context. [/Users/mistial/Projects/Gp4Net/src/Gp4Net.Tool/Gp4Net.Tool.csproj]
/Users/mistial/Projects/Gp4Net/src/Gp4Net.Tool/Infrastructure/ReaderNameTypeConverter.cs(203,32): warning CS8632: The annotation for nullable reference types should only be used in code within a '#nullable' annotations context. [/Users/mistial/Projects/Gp4Net/src/Gp4Net.Tool/Gp4Net.Tool.csproj]
/Users/mistial/Projects/Gp4Net/src/Gp4Net.Tool/Pipeline/MockCommandContext.cs(70,15): warning CS8632: The annotation for nullable reference types should only be used in code within a '#nullable' annotations context. [/Users/mistial/Projects/Gp4Net/src/Gp4Net.Tool/Gp4Net.Tool.csproj]
/Users/mistial/Projects/Gp4Net/src/Gp4Net.Tool/Scripting/GpScriptModule.cs(44,17): warning CS8632: The annotation for nullable reference types should only be used in code within a '#nullable' annotations context. [/Users/mistial/Projects/Gp4Net/src/Gp4Net.Tool/Gp4Net.Tool.csproj]
/Users/mistial/Projects/Gp4Net/src/Gp4Net.Tool/Scripting/GpScriptModule.cs(80,33): warning CS8632: The annotation for nullable reference types should only be used in code within a '#nullable' annotations context. [/Users/mistial/Projects/Gp4Net/src/Gp4Net.Tool/Gp4Net.Tool.csproj]
/Users/mistial/Projects/Gp4Net/src/Gp4Net.Tool/Scripting/GpScriptModule.cs(89,34): warning CS8632: The annotation for nullable reference types should only be used in code within a '#nullable' annotations context. [/Users/mistial/Projects/Gp4Net/src/Gp4Net.Tool/Gp4Net.Tool.csproj]
/Users/mistial/Projects/Gp4Net/src/Gp4Net.Tool/Scripting/GpScriptModule.cs(98,17): warning CS8632: The annotation for nullable reference types should only be used in code within a '#nullable' annotations context. [/Users/mistial/Projects/Gp4Net/src/Gp4Net.Tool/Gp4Net.Tool.csproj]
/Users/mistial/Projects/Gp4Net/src/Gp4Net.Tool/Infrastructure/TypeRegistrar.cs(97,32): warning CS8632: The annotation for nullable reference types should only be used in code within a '#nullable' annotations context. [/Users/mistial/Projects/Gp4Net/src/Gp4Net.Tool/Gp4Net.Tool.csproj]
/Users/mistial/Projects/Gp4Net/src/Gp4Net.Tool/Infrastructure/TypeRegistrar.cs(97,18): warning CS8632: The annotation for nullable reference types should only be used in code within a '#nullable' annotations context. [/Users/mistial/Projects/Gp4Net/src/Gp4Net.Tool/Gp4Net.Tool.csproj]
/Users/mistial/Projects/Gp4Net/src/Gp4Net.Tool/Pipeline/MockCommandContext.cs(37,24): warning CS8632: The annotation for nullable reference types should only be used in code within a '#nullable' annotations context. [/Users/mistial/Projects/Gp4Net/src/Gp4Net.Tool/Gp4Net.Tool.csproj]
/Users/mistial/Projects/Gp4Net/src/Gp4Net.Tool/Pipeline/MockCommandContext.cs(38,21): warning CS8632: The annotation for nullable reference types should only be used in code within a '#nullable' annotations context. [/Users/mistial/Projects/Gp4Net/src/Gp4Net.Tool/Gp4Net.Tool.csproj]
/Users/mistial/Projects/Gp4Net/src/Gp4Net.Tool/Pipeline/MockCommandContext.cs(39,47): warning CS8632: The annotation for nullable reference types should only be used in code within a '#nullable' annotations context. [/Users/mistial/Projects/Gp4Net/src/Gp4Net.Tool/Gp4Net.Tool.csproj]
/Users/mistial/Projects/Gp4Net/src/Gp4Net.Tool/Pipeline/MockCommandContext.cs(40,24): warning CS8632: The annotation for nullable reference types should only be used in code within a '#nullable' annotations context. [/Users/mistial/Projects/Gp4Net/src/Gp4Net.Tool/Gp4Net.Tool.csproj]
/Users/mistial/Projects/Gp4Net/src/Gp4Net.Tool/Commands/Packages/ScanSdkCommand.cs(117,31): warning CS8632: The annotation for nullable reference types should only be used in code within a '#nullable' annotations context. [/Users/mistial/Projects/Gp4Net/src/Gp4Net.Tool/Gp4Net.Tool.csproj]
/Users/mistial/Projects/Gp4Net/src/Gp4Net.Tool/Scripting/GpScriptModule.cs(195,69): warning CS8632: The annotation for nullable reference types should only be used in code within a '#nullable' annotations context. [/Users/mistial/Projects/Gp4Net/src/Gp4Net.Tool/Gp4Net.Tool.csproj]
/Users/mistial/Projects/Gp4Net/src/Gp4Net.Tool/Commands/Packages/ScanSdkCommand.cs(205,26): warning CS8632: The annotation for nullable reference types should only be used in code within a '#nullable' annotations context. [/Users/mistial/Projects/Gp4Net/src/Gp4Net.Tool/Gp4Net.Tool.csproj]
/Users/mistial/Projects/Gp4Net/src/Gp4Net.Tool/Scripting/GpScriptModule.cs(223,66): warning CS8632: The annotation for nullable reference types should only be used in code within a '#nullable' annotations context. [/Users/mistial/Projects/Gp4Net/src/Gp4Net.Tool/Gp4Net.Tool.csproj]
/Users/mistial/Projects/Gp4Net/src/Gp4Net.Tool/Scripting/GpScriptModule.cs(244,14): warning CS8632: The annotation for nullable reference types should only be used in code within a '#nullable' annotations context. [/Users/mistial/Projects/Gp4Net/src/Gp4Net.Tool/Gp4Net.Tool.csproj]
/Users/mistial/Projects/Gp4Net/src/Gp4Net.Tool/Scripting/GpScriptModule.cs(262,54): warning CS8632: The annotation for nullable reference types should only be used in code within a '#nullable' annotations context. [/Users/mistial/Projects/Gp4Net/src/Gp4Net.Tool/Gp4Net.Tool.csproj]
/Users/mistial/Projects/Gp4Net/src/Gp4Net.Tool/Pipeline/MockCommandContext.cs(138,18): warning CS8632: The annotation for nullable reference types should only be used in code within a '#nullable' annotations context. [/Users/mistial/Projects/Gp4Net/src/Gp4Net.Tool/Gp4Net.Tool.csproj]
/Users/mistial/Projects/Gp4Net/src/Gp4Net.Tool/Commands/Packages/ScanSdkCommand.cs(442,22): warning CS8632: The annotation for nullable reference types should only be used in code within a '#nullable' annotations context. [/Users/mistial/Projects/Gp4Net/src/Gp4Net.Tool/Gp4Net.Tool.csproj]
/Users/mistial/Projects/Gp4Net/src/Gp4Net.Tool/Infrastructure/TypeRegistrar.cs(12,40): warning CS8632: The annotation for nullable reference types should only be used in code within a '#nullable' annotations context. [/Users/mistial/Projects/Gp4Net/src/Gp4Net.Tool/Gp4Net.Tool.csproj]
/Users/mistial/Projects/Gp4Net/src/Gp4Net.Tool/Infrastructure/TypeRegistrar.cs(13,38): warning CS8632: The annotation for nullable reference types should only be used in code within a '#nullable' annotations context. [/Users/mistial/Projects/Gp4Net/src/Gp4Net.Tool/Gp4Net.Tool.csproj]
/Users/mistial/Projects/Gp4Net/src/Gp4Net.Tool/Services/ICardService.cs(39,11): warning CS8632: The annotation for nullable reference types should only be used in code within a '#nullable' annotations context. [/Users/mistial/Projects/Gp4Net/src/Gp4Net.Tool/Gp4Net.Tool.csproj]
/Users/mistial/Projects/Gp4Net/src/Gp4Net.Tool/Pipeline/MockCommandContext.cs(162,15): warning CS8632: The annotation for nullable reference types should only be used in code within a '#nullable' annotations context. [/Users/mistial/Projects/Gp4Net/src/Gp4Net.Tool/Gp4Net.Tool.csproj]
/Users/mistial/Projects/Gp4Net/src/Gp4Net.Tool/Pipeline/MockCommandContext.cs(163,35): warning CS8632: The annotation for nullable reference types should only be used in code within a '#nullable' annotations context. [/Users/mistial/Projects/Gp4Net/src/Gp4Net.Tool/Gp4Net.Tool.csproj]
/Users/mistial/Projects/Gp4Net/src/Gp4Net.Tool/Pipeline/MockCommandContext.cs(164,15): warning CS8632: The annotation for nullable reference types should only be used in code within a '#nullable' annotations context. [/Users/mistial/Projects/Gp4Net/src/Gp4Net.Tool/Gp4Net.Tool.csproj]
/Users/mistial/Projects/Gp4Net/src/Gp4Net.Tool/Pipeline/MockCommandContext.cs(165,15): warning CS8632: The annotation for nullable reference types should only be used in code within a '#nullable' annotations context. [/Users/mistial/Projects/Gp4Net/src/Gp4Net.Tool/Gp4Net.Tool.csproj]
/Users/mistial/Projects/Gp4Net/src/Gp4Net.Tool/Pipeline/MockCommandContext.cs(166,15): warning CS8632: The annotation for nullable reference types should only be used in code within a '#nullable' annotations context. [/Users/mistial/Projects/Gp4Net/src/Gp4Net.Tool/Gp4Net.Tool.csproj]
/Users/mistial/Projects/Gp4Net/src/Gp4Net.Tool/Pipeline/MockCommandContext.cs(168,49): warning CS8632: The annotation for nullable reference types should only be used in code within a '#nullable' annotations context. [/Users/mistial/Projects/Gp4Net/src/Gp4Net.Tool/Gp4Net.Tool.csproj]
/Users/mistial/Projects/Gp4Net/src/Gp4Net.Tool/Commands/Trace/ConvertCommand.cs(175,20): warning CS8632: The annotation for nullable reference types should only be used in code within a '#nullable' annotations context. [/Users/mistial/Projects/Gp4Net/src/Gp4Net.Tool/Gp4Net.Tool.csproj]
/Users/mistial/Projects/Gp4Net/src/Gp4Net.Tool/Commands/Card/PutIsdDataCommand.cs(537,24): warning CS8632: The annotation for nullable reference types should only be used in code within a '#nullable' annotations context. [/Users/mistial/Projects/Gp4Net/src/Gp4Net.Tool/Gp4Net.Tool.csproj]
/Users/mistial/Projects/Gp4Net/src/Gp4Net.Tool/Commands/Card/PutIsdDataCommand.cs(544,22): warning CS8632: The annotation for nullable reference types should only be used in code within a '#nullable' annotations context. [/Users/mistial/Projects/Gp4Net/src/Gp4Net.Tool/Gp4Net.Tool.csproj]
/Users/mistial/Projects/Gp4Net/src/Gp4Net.Tool/Commands/Trace/ConvertCommand.cs(203,26): warning CS8632: The annotation for nullable reference types should only be used in code within a '#nullable' annotations context. [/Users/mistial/Projects/Gp4Net/src/Gp4Net.Tool/Gp4Net.Tool.csproj]
/Users/mistial/Projects/Gp4Net/src/Gp4Net.Tool/Services/IKeysetResolver.cs(26,15): warning CS8632: The annotation for nullable reference types should only be used in code within a '#nullable' annotations context. [/Users/mistial/Projects/Gp4Net/src/Gp4Net.Tool/Gp4Net.Tool.csproj]
/Users/mistial/Projects/Gp4Net/src/Gp4Net.Tool/Services/IKeysetResolver.cs(27,35): warning CS8632: The annotation for nullable reference types should only be used in code within a '#nullable' annotations context. [/Users/mistial/Projects/Gp4Net/src/Gp4Net.Tool/Gp4Net.Tool.csproj]
/Users/mistial/Projects/Gp4Net/src/Gp4Net.Tool/Services/IKeysetResolver.cs(28,15): warning CS8632: The annotation for nullable reference types should only be used in code within a '#nullable' annotations context. [/Users/mistial/Projects/Gp4Net/src/Gp4Net.Tool/Gp4Net.Tool.csproj]
/Users/mistial/Projects/Gp4Net/src/Gp4Net.Tool/Services/IKeysetResolver.cs(29,15): warning CS8632: The annotation for nullable reference types should only be used in code within a '#nullable' annotations context. [/Users/mistial/Projects/Gp4Net/src/Gp4Net.Tool/Gp4Net.Tool.csproj]
/Users/mistial/Projects/Gp4Net/src/Gp4Net.Tool/Services/IKeysetResolver.cs(30,15): warning CS8632: The annotation for nullable reference types should only be used in code within a '#nullable' annotations context. [/Users/mistial/Projects/Gp4Net/src/Gp4Net.Tool/Gp4Net.Tool.csproj]
/Users/mistial/Projects/Gp4Net/src/Gp4Net.Tool/Services/IKeysetResolver.cs(32,33): warning CS8632: The annotation for nullable reference types should only be used in code within a '#nullable' annotations context. [/Users/mistial/Projects/Gp4Net/src/Gp4Net.Tool/Gp4Net.Tool.csproj]
/Users/mistial/Projects/Gp4Net/src/Gp4Net.Tool/Scripting/IScriptManager.cs(29,35): warning CS8632: The annotation for nullable reference types should only be used in code within a '#nullable' annotations context. [/Users/mistial/Projects/Gp4Net/src/Gp4Net.Tool/Gp4Net.Tool.csproj]
/Users/mistial/Projects/Gp4Net/src/Gp4Net.Tool/Scripting/IScriptManager.cs(39,35): warning CS8632: The annotation for nullable reference types should only be used in code within a '#nullable' annotations context. [/Users/mistial/Projects/Gp4Net/src/Gp4Net.Tool/Gp4Net.Tool.csproj]
/Users/mistial/Projects/Gp4Net/src/Gp4Net.Tool/Commands/Applet/LoadCliCommand.cs(168,22): warning CS8632: The annotation for nullable reference types should only be used in code within a '#nullable' annotations context. [/Users/mistial/Projects/Gp4Net/src/Gp4Net.Tool/Gp4Net.Tool.csproj]
/Users/mistial/Projects/Gp4Net/src/Gp4Net.Tool/Pipeline/VerboseLoggingHelper.cs(16,35): warning CS8632: The annotation for nullable reference types should only be used in code within a '#nullable' annotations context. [/Users/mistial/Projects/Gp4Net/src/Gp4Net.Tool/Gp4Net.Tool.csproj]
/Users/mistial/Projects/Gp4Net/src/Gp4Net.Tool/Commands/Applet/LoadCliCommand.cs(176,22): warning CS8632: The annotation for nullable reference types should only be used in code within a '#nullable' annotations context. [/Users/mistial/Projects/Gp4Net/src/Gp4Net.Tool/Gp4Net.Tool.csproj]
/Users/mistial/Projects/Gp4Net/src/Gp4Net.Tool/Scripting/ScriptDirectoryResolver.cs(79,18): warning CS8632: The annotation for nullable reference types should only be used in code within a '#nullable' annotations context. [/Users/mistial/Projects/Gp4Net/src/Gp4Net.Tool/Gp4Net.Tool.csproj]
/Users/mistial/Projects/Gp4Net/src/Gp4Net.Tool/Scripting/ScriptDirectoryResolver.cs(109,18): warning CS8632: The annotation for nullable reference types should only be used in code within a '#nullable' annotations context. [/Users/mistial/Projects/Gp4Net/src/Gp4Net.Tool/Gp4Net.Tool.csproj]
/Users/mistial/Projects/Gp4Net/src/Gp4Net.Tool/Services/CardCompatibilityService.cs(271,32): warning CS8632: The annotation for nullable reference types should only be used in code within a '#nullable' annotations context. [/Users/mistial/Projects/Gp4Net/src/Gp4Net.Tool/Gp4Net.Tool.csproj]
/Users/mistial/Projects/Gp4Net/src/Gp4Net.Tool/Commands/Trace/ConvertCommand.cs(229,18): warning CS8632: The annotation for nullable reference types should only be used in code within a '#nullable' annotations context. [/Users/mistial/Projects/Gp4Net/src/Gp4Net.Tool/Gp4Net.Tool.csproj]
/Users/mistial/Projects/Gp4Net/src/Gp4Net.Tool/Commands/Trace/ConvertCommand.cs(230,18): warning CS8632: The annotation for nullable reference types should only be used in code within a '#nullable' annotations context. [/Users/mistial/Projects/Gp4Net/src/Gp4Net.Tool/Gp4Net.Tool.csproj]
/Users/mistial/Projects/Gp4Net/src/Gp4Net.Tool/Commands/Trace/ConvertCommand.cs(231,18): warning CS8632: The annotation for nullable reference types should only be used in code within a '#nullable' annotations context. [/Users/mistial/Projects/Gp4Net/src/Gp4Net.Tool/Gp4Net.Tool.csproj]
/Users/mistial/Projects/Gp4Net/src/Gp4Net.Tool/Scripting/ScriptManager.cs(103,35): warning CS8632: The annotation for nullable reference types should only be used in code within a '#nullable' annotations context. [/Users/mistial/Projects/Gp4Net/src/Gp4Net.Tool/Gp4Net.Tool.csproj]
/Users/mistial/Projects/Gp4Net/src/Gp4Net.Tool/Scripting/ScriptManager.cs(157,35): warning CS8632: The annotation for nullable reference types should only be used in code within a '#nullable' annotations context. [/Users/mistial/Projects/Gp4Net/src/Gp4Net.Tool/Gp4Net.Tool.csproj]
/Users/mistial/Projects/Gp4Net/src/Gp4Net.Tool/Commands/Trace/ConvertCommand.cs(266,18): warning CS8632: The annotation for nullable reference types should only be used in code within a '#nullable' annotations context. [/Users/mistial/Projects/Gp4Net/src/Gp4Net.Tool/Gp4Net.Tool.csproj]
/Users/mistial/Projects/Gp4Net/src/Gp4Net.Tool/Commands/Trace/ConvertCommand.cs(267,18): warning CS8632: The annotation for nullable reference types should only be used in code within a '#nullable' annotations context. [/Users/mistial/Projects/Gp4Net/src/Gp4Net.Tool/Gp4Net.Tool.csproj]
/Users/mistial/Projects/Gp4Net/src/Gp4Net.Tool/Commands/Trace/ConvertCommand.cs(268,18): warning CS8632: The annotation for nullable reference types should only be used in code within a '#nullable' annotations context. [/Users/mistial/Projects/Gp4Net/src/Gp4Net.Tool/Gp4Net.Tool.csproj]
/Users/mistial/Projects/Gp4Net/src/Gp4Net.Tool/Commands/Trace/ConvertCommand.cs(270,18): warning CS8632: The annotation for nullable reference types should only be used in code within a '#nullable' annotations context. [/Users/mistial/Projects/Gp4Net/src/Gp4Net.Tool/Gp4Net.Tool.csproj]
/Users/mistial/Projects/Gp4Net/src/Gp4Net.Tool/Commands/Trace/ConvertCommand.cs(271,18): warning CS8632: The annotation for nullable reference types should only be used in code within a '#nullable' annotations context. [/Users/mistial/Projects/Gp4Net/src/Gp4Net.Tool/Gp4Net.Tool.csproj]
/Users/mistial/Projects/Gp4Net/src/Gp4Net.Tool/Commands/Trace/ConvertCommand.cs(258,19): warning CS8632: The annotation for nullable reference types should only be used in code within a '#nullable' annotations context. [/Users/mistial/Projects/Gp4Net/src/Gp4Net.Tool/Gp4Net.Tool.csproj]
/Users/mistial/Projects/Gp4Net/src/Gp4Net.Tool/Scripting/ScriptManager.cs(23,51): warning CS8632: The annotation for nullable reference types should only be used in code within a '#nullable' annotations context. [/Users/mistial/Projects/Gp4Net/src/Gp4Net.Tool/Gp4Net.Tool.csproj]
/Users/mistial/Projects/Gp4Net/src/Gp4Net.Tool/Services/CardServiceFactory.cs(79,18): warning CS8632: The annotation for nullable reference types should only be used in code within a '#nullable' annotations context. [/Users/mistial/Projects/Gp4Net/src/Gp4Net.Tool/Gp4Net.Tool.csproj]
/Users/mistial/Projects/Gp4Net/src/Gp4Net.Tool/Commands/Trace/ConvertCommand.cs(530,26): warning CS8632: The annotation for nullable reference types should only be used in code within a '#nullable' annotations context. [/Users/mistial/Projects/Gp4Net/src/Gp4Net.Tool/Gp4Net.Tool.csproj]
/Users/mistial/Projects/Gp4Net/src/Gp4Net.Tool/Services/CardCommunication/IResponseWrapper.cs(11,11): warning CS8632: The annotation for nullable reference types should only be used in code within a '#nullable' annotations context. [/Users/mistial/Projects/Gp4Net/src/Gp4Net.Tool/Gp4Net.Tool.csproj]
/Users/mistial/Projects/Gp4Net/src/Gp4Net.Tool/Services/CardServiceFactory.cs(18,25): warning CS8632: The annotation for nullable reference types should only be used in code within a '#nullable' annotations context. [/Users/mistial/Projects/Gp4Net/src/Gp4Net.Tool/Gp4Net.Tool.csproj]
/Users/mistial/Projects/Gp4Net/src/Gp4Net.Tool/Commands/Trace/ConvertCommand.cs(870,28): warning CS8632: The annotation for nullable reference types should only be used in code within a '#nullable' annotations context. [/Users/mistial/Projects/Gp4Net/src/Gp4Net.Tool/Gp4Net.Tool.csproj]
/Users/mistial/Projects/Gp4Net/src/Gp4Net.Tool/Commands/Trace/ConvertCommand.cs(897,50): warning CS8632: The annotation for nullable reference types should only be used in code within a '#nullable' annotations context. [/Users/mistial/Projects/Gp4Net/src/Gp4Net.Tool/Gp4Net.Tool.csproj]
/Users/mistial/Projects/Gp4Net/src/Gp4Net.Tool/Commands/Trace/SimpleJsonConverter.cs(29,18): warning CS8632: The annotation for nullable reference types should only be used in code within a '#nullable' annotations context. [/Users/mistial/Projects/Gp4Net/src/Gp4Net.Tool/Gp4Net.Tool.csproj]
/Users/mistial/Projects/Gp4Net/src/Gp4Net.Tool/Commands/Trace/SimpleJsonConverter.cs(18,37): warning CS8632: The annotation for nullable reference types should only be used in code within a '#nullable' annotations context. [/Users/mistial/Projects/Gp4Net/src/Gp4Net.Tool/Gp4Net.Tool.csproj]
/Users/mistial/Projects/Gp4Net/src/Gp4Net.Tool/Services/ICardCompatibilityService.cs(139,18): warning CS8632: The annotation for nullable reference types should only be used in code within a '#nullable' annotations context. [/Users/mistial/Projects/Gp4Net/src/Gp4Net.Tool/Gp4Net.Tool.csproj]
/Users/mistial/Projects/Gp4Net/src/Gp4Net.Tool/Services/ICardCompatibilityService.cs(167,15): warning CS8632: The annotation for nullable reference types should only be used in code within a '#nullable' annotations context. [/Users/mistial/Projects/Gp4Net/src/Gp4Net.Tool/Gp4Net.Tool.csproj]
/Users/mistial/Projects/Gp4Net/src/Gp4Net.Tool/Services/DomainServiceFactory.cs(43,51): warning CS8632: The annotation for nullable reference types should only be used in code within a '#nullable' annotations context. [/Users/mistial/Projects/Gp4Net/src/Gp4Net.Tool/Gp4Net.Tool.csproj]
/Users/mistial/Projects/Gp4Net/src/Gp4Net.Tool/Services/DomainServiceFactory.cs(52,38): warning CS8632: The annotation for nullable reference types should only be used in code within a '#nullable' annotations context. [/Users/mistial/Projects/Gp4Net/src/Gp4Net.Tool/Gp4Net.Tool.csproj]
/Users/mistial/Projects/Gp4Net/src/Gp4Net.Tool/Services/KeysetResolver.cs(36,15): warning CS8632: The annotation for nullable reference types should only be used in code within a '#nullable' annotations context. [/Users/mistial/Projects/Gp4Net/src/Gp4Net.Tool/Gp4Net.Tool.csproj]
/Users/mistial/Projects/Gp4Net/src/Gp4Net.Tool/Services/KeysetResolver.cs(37,35): warning CS8632: The annotation for nullable reference types should only be used in code within a '#nullable' annotations context. [/Users/mistial/Projects/Gp4Net/src/Gp4Net.Tool/Gp4Net.Tool.csproj]
/Users/mistial/Projects/Gp4Net/src/Gp4Net.Tool/Services/KeysetResolver.cs(38,15): warning CS8632: The annotation for nullable reference types should only be used in code within a '#nullable' annotations context. [/Users/mistial/Projects/Gp4Net/src/Gp4Net.Tool/Gp4Net.Tool.csproj]
/Users/mistial/Projects/Gp4Net/src/Gp4Net.Tool/Services/KeysetResolver.cs(39,15): warning CS8632: The annotation for nullable reference types should only be used in code within a '#nullable' annotations context. [/Users/mistial/Projects/Gp4Net/src/Gp4Net.Tool/Gp4Net.Tool.csproj]
/Users/mistial/Projects/Gp4Net/src/Gp4Net.Tool/Services/KeysetResolver.cs(40,15): warning CS8632: The annotation for nullable reference types should only be used in code within a '#nullable' annotations context. [/Users/mistial/Projects/Gp4Net/src/Gp4Net.Tool/Gp4Net.Tool.csproj]
/Users/mistial/Projects/Gp4Net/src/Gp4Net.Tool/Services/KeysetResolver.cs(42,33): warning CS8632: The annotation for nullable reference types should only be used in code within a '#nullable' annotations context. [/Users/mistial/Projects/Gp4Net/src/Gp4Net.Tool/Gp4Net.Tool.csproj]
/Users/mistial/Projects/Gp4Net/src/Gp4Net.Tool/Services/LuaVirtualCardService.cs(149,18): warning CS8632: The annotation for nullable reference types should only be used in code within a '#nullable' annotations context. [/Users/mistial/Projects/Gp4Net/src/Gp4Net.Tool/Gp4Net.Tool.csproj]
/Users/mistial/Projects/Gp4Net/src/Gp4Net.Tool/Services/KeysetResolver.cs(64,35): warning CS8632: The annotation for nullable reference types should only be used in code within a '#nullable' annotations context. [/Users/mistial/Projects/Gp4Net/src/Gp4Net.Tool/Gp4Net.Tool.csproj]
/Users/mistial/Projects/Gp4Net/src/Gp4Net.Tool/Services/KeysetResolver.cs(65,33): warning CS8632: The annotation for nullable reference types should only be used in code within a '#nullable' annotations context. [/Users/mistial/Projects/Gp4Net/src/Gp4Net.Tool/Gp4Net.Tool.csproj]
/Users/mistial/Projects/Gp4Net/src/Gp4Net.Tool/Services/SimpleCardServiceFactory.cs(79,18): warning CS8632: The annotation for nullable reference types should only be used in code within a '#nullable' annotations context. [/Users/mistial/Projects/Gp4Net/src/Gp4Net.Tool/Gp4Net.Tool.csproj]
/Users/mistial/Projects/Gp4Net/src/Gp4Net.Tool/Services/KeysetResolver.cs(120,35): warning CS8632: The annotation for nullable reference types should only be used in code within a '#nullable' annotations context. [/Users/mistial/Projects/Gp4Net/src/Gp4Net.Tool/Gp4Net.Tool.csproj]
/Users/mistial/Projects/Gp4Net/src/Gp4Net.Tool/Services/KeysetResolver.cs(121,33): warning CS8632: The annotation for nullable reference types should only be used in code within a '#nullable' annotations context. [/Users/mistial/Projects/Gp4Net/src/Gp4Net.Tool/Gp4Net.Tool.csproj]
/Users/mistial/Projects/Gp4Net/src/Gp4Net.Tool/Services/TraceBasedCardService.cs(277,72): warning CS8632: The annotation for nullable reference types should only be used in code within a '#nullable' annotations context. [/Users/mistial/Projects/Gp4Net/src/Gp4Net.Tool/Gp4Net.Tool.csproj]
/Users/mistial/Projects/Gp4Net/src/Gp4Net.Tool/Services/SimpleJsonCardService.cs(43,18): warning CS8632: The annotation for nullable reference types should only be used in code within a '#nullable' annotations context. [/Users/mistial/Projects/Gp4Net/src/Gp4Net.Tool/Gp4Net.Tool.csproj]
/Users/mistial/Projects/Gp4Net/src/Gp4Net.Tool/Services/TraceBasedCardService.cs(290,44): warning CS8632: The annotation for nullable reference types should only be used in code within a '#nullable' annotations context. [/Users/mistial/Projects/Gp4Net/src/Gp4Net.Tool/Gp4Net.Tool.csproj]
/Users/mistial/Projects/Gp4Net/src/Gp4Net.Tool/Services/KeysetResolver.cs(204,26): warning CS8632: The annotation for nullable reference types should only be used in code within a '#nullable' annotations context. [/Users/mistial/Projects/Gp4Net/src/Gp4Net.Tool/Gp4Net.Tool.csproj]
/Users/mistial/Projects/Gp4Net/src/Gp4Net.Tool/Services/KeysetResolver.cs(244,15): warning CS8632: The annotation for nullable reference types should only be used in code within a '#nullable' annotations context. [/Users/mistial/Projects/Gp4Net/src/Gp4Net.Tool/Gp4Net.Tool.csproj]
/Users/mistial/Projects/Gp4Net/src/Gp4Net.Tool/Services/KeysetResolver.cs(245,15): warning CS8632: The annotation for nullable reference types should only be used in code within a '#nullable' annotations context. [/Users/mistial/Projects/Gp4Net/src/Gp4Net.Tool/Gp4Net.Tool.csproj]
/Users/mistial/Projects/Gp4Net/src/Gp4Net.Tool/Services/KeysetResolver.cs(246,15): warning CS8632: The annotation for nullable reference types should only be used in code within a '#nullable' annotations context. [/Users/mistial/Projects/Gp4Net/src/Gp4Net.Tool/Gp4Net.Tool.csproj]
/Users/mistial/Projects/Gp4Net/src/Gp4Net.Tool/Services/SimpleCardServiceFactory.cs(16,25): warning CS8632: The annotation for nullable reference types should only be used in code within a '#nullable' annotations context. [/Users/mistial/Projects/Gp4Net/src/Gp4Net.Tool/Gp4Net.Tool.csproj]
/Users/mistial/Projects/Gp4Net/src/Gp4Net.Tool/Services/SimpleCardServiceFactory.cs(17,34): warning CS8632: The annotation for nullable reference types should only be used in code within a '#nullable' annotations context. [/Users/mistial/Projects/Gp4Net/src/Gp4Net.Tool/Gp4Net.Tool.csproj]
/Users/mistial/Projects/Gp4Net/src/Gp4Net.Tool/Services/SimpleJsonCardService.cs(163,18): warning CS8632: The annotation for nullable reference types should only be used in code within a '#nullable' annotations context. [/Users/mistial/Projects/Gp4Net/src/Gp4Net.Tool/Gp4Net.Tool.csproj]
/Users/mistial/Projects/Gp4Net/src/Gp4Net.Tool/Services/JsonLuaCardService.cs(128,18): warning CS8632: The annotation for nullable reference types should only be used in code within a '#nullable' annotations context. [/Users/mistial/Projects/Gp4Net/src/Gp4Net.Tool/Gp4Net.Tool.csproj]
/Users/mistial/Projects/Gp4Net/src/Gp4Net.Tool/Services/WsctCardService.cs(168,18): warning CS8632: The annotation for nullable reference types should only be used in code within a '#nullable' annotations context. [/Users/mistial/Projects/Gp4Net/src/Gp4Net.Tool/Gp4Net.Tool.csproj]
/Users/mistial/Projects/Gp4Net/src/Gp4Net.Tool/Services/WsctCardService.cs(190,19): warning CS8632: The annotation for nullable reference types should only be used in code within a '#nullable' annotations context. [/Users/mistial/Projects/Gp4Net/src/Gp4Net.Tool/Gp4Net.Tool.csproj]
/Users/mistial/Projects/Gp4Net/src/Gp4Net.Tool/Services/LuaVirtualCardService.cs(22,19): warning CS8632: The annotation for nullable reference types should only be used in code within a '#nullable' annotations context. [/Users/mistial/Projects/Gp4Net/src/Gp4Net.Tool/Gp4Net.Tool.csproj]
/Users/mistial/Projects/Gp4Net/src/Gp4Net.Tool/Services/LuaVirtualCardService.cs(23,19): warning CS8632: The annotation for nullable reference types should only be used in code within a '#nullable' annotations context. [/Users/mistial/Projects/Gp4Net/src/Gp4Net.Tool/Gp4Net.Tool.csproj]
/Users/mistial/Projects/Gp4Net/src/Gp4Net.Tool/Services/DomainServiceFactory.cs(124,23): warning CS8632: The annotation for nullable reference types should only be used in code within a '#nullable' annotations context. [/Users/mistial/Projects/Gp4Net/src/Gp4Net.Tool/Gp4Net.Tool.csproj]
/Users/mistial/Projects/Gp4Net/src/Gp4Net.Tool/Services/LuaVirtualCardService.cs(26,19): warning CS8632: The annotation for nullable reference types should only be used in code within a '#nullable' annotations context. [/Users/mistial/Projects/Gp4Net/src/Gp4Net.Tool/Gp4Net.Tool.csproj]
/Users/mistial/Projects/Gp4Net/src/Gp4Net.Tool/Services/JsonLuaCardService.cs(24,19): warning CS8632: The annotation for nullable reference types should only be used in code within a '#nullable' annotations context. [/Users/mistial/Projects/Gp4Net/src/Gp4Net.Tool/Gp4Net.Tool.csproj]
/Users/mistial/Projects/Gp4Net/src/Gp4Net.Tool/Services/JsonLuaCardService.cs(27,19): warning CS8632: The annotation for nullable reference types should only be used in code within a '#nullable' annotations context. [/Users/mistial/Projects/Gp4Net/src/Gp4Net.Tool/Gp4Net.Tool.csproj]
/Users/mistial/Projects/Gp4Net/src/Gp4Net.Tool/Services/JsonLuaCardService.cs(28,22): warning CS8632: The annotation for nullable reference types should only be used in code within a '#nullable' annotations context. [/Users/mistial/Projects/Gp4Net/src/Gp4Net.Tool/Gp4Net.Tool.csproj]
/Users/mistial/Projects/Gp4Net/src/Gp4Net.Tool/Services/WsctCardService.cs(29,32): warning CS8632: The annotation for nullable reference types should only be used in code within a '#nullable' annotations context. [/Users/mistial/Projects/Gp4Net/src/Gp4Net.Tool/Gp4Net.Tool.csproj]
/Users/mistial/Projects/Gp4Net/src/Gp4Net.Tool/Services/SimpleJsonCardService.cs(55,28): warning CS8632: The annotation for nullable reference types should only be used in code within a '#nullable' annotations context. [/Users/mistial/Projects/Gp4Net/src/Gp4Net.Tool/Gp4Net.Tool.csproj]
/Users/mistial/Projects/Gp4Net/src/Gp4Net.Tool/Services/DomainServiceFactory.cs(126,88): warning CS8632: The annotation for nullable reference types should only be used in code within a '#nullable' annotations context. [/Users/mistial/Projects/Gp4Net/src/Gp4Net.Tool/Gp4Net.Tool.csproj]
/Users/mistial/Projects/Gp4Net/src/Gp4Net.Tool/Services/DomainServiceFactory.cs(126,123): warning CS8632: The annotation for nullable reference types should only be used in code within a '#nullable' annotations context. [/Users/mistial/Projects/Gp4Net/src/Gp4Net.Tool/Gp4Net.Tool.csproj]
/Users/mistial/Projects/Gp4Net/src/Gp4Net.Tool/Services/WsctCardService.cs(31,47): warning CS8632: The annotation for nullable reference types should only be used in code within a '#nullable' annotations context. [/Users/mistial/Projects/Gp4Net/src/Gp4Net.Tool/Gp4Net.Tool.csproj]
/Users/mistial/Projects/Gp4Net/src/Gp4Net.Tool/Services/WsctCardService.cs(32,27): warning CS8632: The annotation for nullable reference types should only be used in code within a '#nullable' annotations context. [/Users/mistial/Projects/Gp4Net/src/Gp4Net.Tool/Gp4Net.Tool.csproj]
/Users/mistial/Projects/Gp4Net/src/Gp4Net.Tool/Services/SimpleJsonCardService.cs(61,19): warning CS8632: The annotation for nullable reference types should only be used in code within a '#nullable' annotations context. [/Users/mistial/Projects/Gp4Net/src/Gp4Net.Tool/Gp4Net.Tool.csproj]
/Users/mistial/Projects/Gp4Net/src/Gp4Net.Tool/Services/TraceBasedCardService.cs(118,18): warning CS8632: The annotation for nullable reference types should only be used in code within a '#nullable' annotations context. [/Users/mistial/Projects/Gp4Net/src/Gp4Net.Tool/Gp4Net.Tool.csproj]
/Users/mistial/Projects/Gp4Net/src/Gp4Net.Tool/Services/TraceBasedCardService.cs(155,22): warning CS8632: The annotation for nullable reference types should only be used in code within a '#nullable' annotations context. [/Users/mistial/Projects/Gp4Net/src/Gp4Net.Tool/Gp4Net.Tool.csproj]
/Users/mistial/Projects/Gp4Net/src/Gp4Net.Tool/Services/TraceBasedCardService.cs(26,34): warning CS8632: The annotation for nullable reference types should only be used in code within a '#nullable' annotations context. [/Users/mistial/Projects/Gp4Net/src/Gp4Net.Tool/Gp4Net.Tool.csproj]
/Users/mistial/Projects/Gp4Net/src/Gp4Net.Tool/Services/TraceBasedCardService.cs(28,58): warning CS8632: The annotation for nullable reference types should only be used in code within a '#nullable' annotations context. [/Users/mistial/Projects/Gp4Net/src/Gp4Net.Tool/Gp4Net.Tool.csproj]
/Users/mistial/Projects/Gp4Net/src/Gp4Net.Tool/Commands/Trace/SimpleJsonConverter.cs(85,15): warning CS8632: The annotation for nullable reference types should only be used in code within a '#nullable' annotations context. [/Users/mistial/Projects/Gp4Net/src/Gp4Net.Tool/Gp4Net.Tool.csproj]
/Users/mistial/Projects/Gp4Net/src/Gp4Net.Tool/Commands/Trace/ConvertCommand.cs(739,24): warning CS8632: The annotation for nullable reference types should only be used in code within a '#nullable' annotations context. [/Users/mistial/Projects/Gp4Net/src/Gp4Net.Tool/Gp4Net.Tool.csproj]
/Users/mistial/Projects/Gp4Net/src/Gp4Net.Tool/Commands/Trace/ConvertCommand.cs(776,23): warning CS8632: The annotation for nullable reference types should only be used in code within a '#nullable' annotations context. [/Users/mistial/Projects/Gp4Net/src/Gp4Net.Tool/Gp4Net.Tool.csproj]
/Users/mistial/Projects/Gp4Net/src/Gp4Net.Tool/Services/WsctCardService.cs(197,19): warning CS8632: The annotation for nullable reference types should only be used in code within a '#nullable' annotations context. [/Users/mistial/Projects/Gp4Net/src/Gp4Net.Tool/Gp4Net.Tool.csproj]
/Users/mistial/Projects/Gp4Net/src/Gp4Net.Tool/Commands/Trace/ConvertCommand.cs(622,15): warning CS8632: The annotation for nullable reference types should only be used in code within a '#nullable' annotations context. [/Users/mistial/Projects/Gp4Net/src/Gp4Net.Tool/Gp4Net.Tool.csproj]
/Users/mistial/Projects/Gp4Net/src/Gp4Net.Tool/Commands/Trace/ConvertCommand.cs(623,15): warning CS8632: The annotation for nullable reference types should only be used in code within a '#nullable' annotations context. [/Users/mistial/Projects/Gp4Net/src/Gp4Net.Tool/Gp4Net.Tool.csproj]
/Users/mistial/Projects/Gp4Net/src/Gp4Net.Tool/Services/WsctCardService.cs(292,17): warning CS0162: Unreachable code detected [/Users/mistial/Projects/Gp4Net/src/Gp4Net.Tool/Gp4Net.Tool.csproj]
/Users/mistial/Projects/Gp4Net/src/Gp4Net.Tool/Services/TraceBasedCardService.cs(301,15): warning CS8632: The annotation for nullable reference types should only be used in code within a '#nullable' annotations context. [/Users/mistial/Projects/Gp4Net/src/Gp4Net.Tool/Gp4Net.Tool.csproj]
/Users/mistial/Projects/Gp4Net/src/Gp4Net.Tool/Commands/Trace/ConvertCommand.cs(334,15): warning CS8632: The annotation for nullable reference types should only be used in code within a '#nullable' annotations context. [/Users/mistial/Projects/Gp4Net/src/Gp4Net.Tool/Gp4Net.Tool.csproj]
/Users/mistial/Projects/Gp4Net/src/Gp4Net.Tool/Commands/Trace/ConvertCommand.cs(379,15): warning CS8632: The annotation for nullable reference types should only be used in code within a '#nullable' annotations context. [/Users/mistial/Projects/Gp4Net/src/Gp4Net.Tool/Gp4Net.Tool.csproj]
/Users/mistial/Projects/Gp4Net/src/Gp4Net.Tool/Pipeline/FunctionalCliContext.cs(84,28): warning CS1998: This async method lacks 'await' operators and will run synchronously. Consider using the 'await' operator to await non-blocking API calls, or 'await Task.Run(...)' to do CPU-bound work on a background thread. [/Users/mistial/Projects/Gp4Net/src/Gp4Net.Tool/Gp4Net.Tool.csproj]
/Users/mistial/Projects/Gp4Net/src/Gp4Net.Tool/Commands/Applet/ListCliCommand.cs(22,1): warning CS1587: XML comment is not placed on a valid language element [/Users/mistial/Projects/Gp4Net/src/Gp4Net.Tool/Gp4Net.Tool.csproj]
/Users/mistial/Projects/Gp4Net/src/Gp4Net.Tool/Commands/Applet/LoadCliCommand.cs(20,1): warning CS1587: XML comment is not placed on a valid language element [/Users/mistial/Projects/Gp4Net/src/Gp4Net.Tool/Gp4Net.Tool.csproj]
/Users/mistial/Projects/Gp4Net/src/Gp4Net.Tool/Commands/Card/TestSecureChannelCommand.cs(18,1): warning CS1587: XML comment is not placed on a valid language element [/Users/mistial/Projects/Gp4Net/src/Gp4Net.Tool/Gp4Net.Tool.csproj]
/Users/mistial/Projects/Gp4Net/tests/Gp4Net.Tests/Infrastructure/TestHelpers.cs(173,31): warning CS1998: This async method lacks 'await' operators and will run synchronously. Consider using the 'await' operator to await non-blocking API calls, or 'await Task.Run(...)' to do CPU-bound work on a background thread. [/Users/mistial/Projects/Gp4Net/tests/Gp4Net.Tests/Gp4Net.Tests.csproj]
/Users/mistial/Projects/Gp4Net/tests/Gp4Net.Tests/Domain/Keys/SecureSessionKeysTests.cs(112,34): warning CS8600: Converting null literal or possible null value to non-nullable type. [/Users/mistial/Projects/Gp4Net/tests/Gp4Net.Tests/Gp4Net.Tests.csproj]
/Users/mistial/Projects/Gp4Net/tests/Gp4Net.Tests/Domain/Keys/SecureSessionKeysTests.cs(169,34): warning CS8600: Converting null literal or possible null value to non-nullable type. [/Users/mistial/Projects/Gp4Net/tests/Gp4Net.Tests/Gp4Net.Tests.csproj]
/Users/mistial/Projects/Gp4Net/tests/Gp4Net.Tests/Domain/Keys/SecureSessionKeysTests.cs(175,31): warning CS8600: Converting null literal or possible null value to non-nullable type. [/Users/mistial/Projects/Gp4Net/tests/Gp4Net.Tests/Gp4Net.Tests.csproj]
/Users/mistial/Projects/Gp4Net/tests/Gp4Net.Tests/Cryptography/Scp03KdfStructureTests.cs(55,13): warning CS0219: The variable 'derivationConstant' is assigned but its value is never used [/Users/mistial/Projects/Gp4Net/tests/Gp4Net.Tests/Gp4Net.Tests.csproj]
/Users/mistial/Projects/Gp4Net/tests/Gp4Net.Tests/Cryptography/Scp03KdfStructureTests.cs(58,13): warning CS0219: The variable 'keyLengthBits' is assigned but its value is never used [/Users/mistial/Projects/Gp4Net/tests/Gp4Net.Tests/Gp4Net.Tests.csproj]
/Users/mistial/Projects/Gp4Net/tests/Gp4Net.Tests/Cryptography/Scp03KdfStructureTests.cs(62,13): warning CS0219: The variable 'expectedLength' is assigned but its value is never used [/Users/mistial/Projects/Gp4Net/tests/Gp4Net.Tests/Gp4Net.Tests.csproj]
/Users/mistial/Projects/Gp4Net/tests/Gp4Net.Tests/Integration/TraceBasedTestBase.cs(40,26): warning CS1998: This async method lacks 'await' operators and will run synchronously. Consider using the 'await' operator to await non-blocking API calls, or 'await Task.Run(...)' to do CPU-bound work on a background thread. [/Users/mistial/Projects/Gp4Net/tests/Gp4Net.Tests/Gp4Net.Tests.csproj]
/Users/mistial/Projects/Gp4Net/tests/Gp4Net.Tests/Functional/VirtualCardTests.cs(183,44): warning CS0618: 'InstallCommand.InstallForLoadCommand.ToApdu()' is obsolete: 'Use IApduTransport.TransmitAsync instead of manual APDU building' [/Users/mistial/Projects/Gp4Net/tests/Gp4Net.Tests/Gp4Net.Tests.csproj]
/Users/mistial/Projects/Gp4Net/tests/Gp4Net.Tests/Core/Tlv/TlvParserTests.cs(236,9): warning CS8629: Nullable value type may be null. [/Users/mistial/Projects/Gp4Net/tests/Gp4Net.Tests/Gp4Net.Tests.csproj]
/Users/mistial/Projects/Gp4Net/tests/Gp4Net.Tests/Transport/T0ApduTransportTests.cs(149,34): warning CS8600: Converting null literal or possible null value to non-nullable type. [/Users/mistial/Projects/Gp4Net/tests/Gp4Net.Tests/Gp4Net.Tests.csproj]
/Users/mistial/Projects/Gp4Net/tests/Gp4Net.Tests/Domain/Commands/DataObjectParserTests.cs(201,23): warning CS8600: Converting null literal or possible null value to non-nullable type. [/Users/mistial/Projects/Gp4Net/tests/Gp4Net.Tests/Gp4Net.Tests.csproj]
/Users/mistial/Projects/Gp4Net/tests/Gp4Net.Tests/Domain/Commands/ExternalAuthenticateCommandTests.cs(109,20): warning CS0618: 'ExternalAuthenticateCommand.GetApdu()' is obsolete: 'Use IApduTransport.TransmitAsync instead of manual APDU building' [/Users/mistial/Projects/Gp4Net/tests/Gp4Net.Tests/Gp4Net.Tests.csproj]
/Users/mistial/Projects/Gp4Net/tests/Gp4Net.Tests/Domain/Commands/ExternalAuthenticateCommandTests.cs(134,20): warning CS0618: 'ExternalAuthenticateCommand.GetApdu()' is obsolete: 'Use IApduTransport.TransmitAsync instead of manual APDU building' [/Users/mistial/Projects/Gp4Net/tests/Gp4Net.Tests/Gp4Net.Tests.csproj]
/Users/mistial/Projects/Gp4Net/tests/Gp4Net.Tests/Protocol/Scp03TestVectors.cs(203,27): warning CS8618: Non-nullable property 'Name' must contain a non-null value when exiting constructor. Consider adding the 'required' modifier or declaring the property as nullable. [/Users/mistial/Projects/Gp4Net/tests/Gp4Net.Tests/Gp4Net.Tests.csproj]
/Users/mistial/Projects/Gp4Net/tests/Gp4Net.Tests/Protocol/Scp03TestVectors.cs(204,27): warning CS8618: Non-nullable property 'Kdk' must contain a non-null value when exiting constructor. Consider adding the 'required' modifier or declaring the property as nullable. [/Users/mistial/Projects/Gp4Net/tests/Gp4Net.Tests/Gp4Net.Tests.csproj]
/Users/mistial/Projects/Gp4Net/tests/Gp4Net.Tests/Protocol/Scp03TestVectors.cs(205,27): warning CS8618: Non-nullable property 'Context' must contain a non-null value when exiting constructor. Consider adding the 'required' modifier or declaring the property as nullable. [/Users/mistial/Projects/Gp4Net/tests/Gp4Net.Tests/Gp4Net.Tests.csproj]
/Users/mistial/Projects/Gp4Net/tests/Gp4Net.Tests/Protocol/Scp03TestVectors.cs(162,27): warning CS8618: Non-nullable property 'Name' must contain a non-null value when exiting constructor. Consider adding the 'required' modifier or declaring the property as nullable. [/Users/mistial/Projects/Gp4Net/tests/Gp4Net.Tests/Gp4Net.Tests.csproj]
/Users/mistial/Projects/Gp4Net/tests/Gp4Net.Tests/Protocol/Scp03TestVectors.cs(163,27): warning CS8618: Non-nullable property 'StaticKeyEnc' must contain a non-null value when exiting constructor. Consider adding the 'required' modifier or declaring the property as nullable. [/Users/mistial/Projects/Gp4Net/tests/Gp4Net.Tests/Gp4Net.Tests.csproj]
/Users/mistial/Projects/Gp4Net/tests/Gp4Net.Tests/Protocol/Scp03TestVectors.cs(164,27): warning CS8618: Non-nullable property 'SequenceCounter' must contain a non-null value when exiting constructor. Consider adding the 'required' modifier or declaring the property as nullable. [/Users/mistial/Projects/Gp4Net/tests/Gp4Net.Tests/Gp4Net.Tests.csproj]
/Users/mistial/Projects/Gp4Net/tests/Gp4Net.Tests/Protocol/Scp03TestVectors.cs(165,27): warning CS8618: Non-nullable property 'Aid' must contain a non-null value when exiting constructor. Consider adding the 'required' modifier or declaring the property as nullable. [/Users/mistial/Projects/Gp4Net/tests/Gp4Net.Tests/Gp4Net.Tests.csproj]
/Users/mistial/Projects/Gp4Net/tests/Gp4Net.Tests/Protocol/Scp03TestVectors.cs(166,27): warning CS8618: Non-nullable property 'ExpectedChallenge' must contain a non-null value when exiting constructor. Consider adding the 'required' modifier or declaring the property as nullable. [/Users/mistial/Projects/Gp4Net/tests/Gp4Net.Tests/Gp4Net.Tests.csproj]
/Users/mistial/Projects/Gp4Net/tests/Gp4Net.Tests/Protocol/Scp03TestVectors.cs(134,27): warning CS8618: Non-nullable property 'Name' must contain a non-null value when exiting constructor. Consider adding the 'required' modifier or declaring the property as nullable. [/Users/mistial/Projects/Gp4Net/tests/Gp4Net.Tests/Gp4Net.Tests.csproj]
/Users/mistial/Projects/Gp4Net/tests/Gp4Net.Tests/Protocol/Scp03TestVectors.cs(135,27): warning CS8618: Non-nullable property 'SEncKey' must contain a non-null value when exiting constructor. Consider adding the 'required' modifier or declaring the property as nullable. [/Users/mistial/Projects/Gp4Net/tests/Gp4Net.Tests/Gp4Net.Tests.csproj]
/Users/mistial/Projects/Gp4Net/tests/Gp4Net.Tests/Protocol/Scp03TestVectors.cs(137,27): warning CS8618: Non-nullable property 'ExpectedCommandIcv' must contain a non-null value when exiting constructor. Consider adding the 'required' modifier or declaring the property as nullable. [/Users/mistial/Projects/Gp4Net/tests/Gp4Net.Tests/Gp4Net.Tests.csproj]
/Users/mistial/Projects/Gp4Net/tests/Gp4Net.Tests/Protocol/Scp03TestVectors.cs(138,27): warning CS8618: Non-nullable property 'ExpectedResponseIcv' must contain a non-null value when exiting constructor. Consider adding the 'required' modifier or declaring the property as nullable. [/Users/mistial/Projects/Gp4Net/tests/Gp4Net.Tests/Gp4Net.Tests.csproj]
/Users/mistial/Projects/Gp4Net/tests/Gp4Net.Tests/Protocol/Scp03TestVectors.cs(70,23): warning CS8618: Non-nullable property 'Description' must contain a non-null value when exiting constructor. Consider adding the 'required' modifier or declaring the property as nullable. [/Users/mistial/Projects/Gp4Net/tests/Gp4Net.Tests/Gp4Net.Tests.csproj]
/Users/mistial/Projects/Gp4Net/tests/Gp4Net.Tests/Protocol/Scp03TestVectors.cs(71,23): warning CS8618: Non-nullable property 'Command' must contain a non-null value when exiting constructor. Consider adding the 'required' modifier or declaring the property as nullable. [/Users/mistial/Projects/Gp4Net/tests/Gp4Net.Tests/Gp4Net.Tests.csproj]
/Users/mistial/Projects/Gp4Net/tests/Gp4Net.Tests/Protocol/Scp03TestVectors.cs(72,23): warning CS8618: Non-nullable property 'ExpectedResponse' must contain a non-null value when exiting constructor. Consider adding the 'required' modifier or declaring the property as nullable. [/Users/mistial/Projects/Gp4Net/tests/Gp4Net.Tests/Gp4Net.Tests.csproj]
/Users/mistial/Projects/Gp4Net/tests/Gp4Net.Tests/Protocol/Scp03TestVectors.cs(73,23): warning CS8618: Non-nullable property 'ExpectedMac' must contain a non-null value when exiting constructor. Consider adding the 'required' modifier or declaring the property as nullable. [/Users/mistial/Projects/Gp4Net/tests/Gp4Net.Tests/Gp4Net.Tests.csproj]
/Users/mistial/Projects/Gp4Net/tests/Gp4Net.Tests/Protocol/Scp03TestVectors.cs(74,23): warning CS8618: Non-nullable property 'ExpectedEncryptedData' must contain a non-null value when exiting constructor. Consider adding the 'required' modifier or declaring the property as nullable. [/Users/mistial/Projects/Gp4Net/tests/Gp4Net.Tests/Gp4Net.Tests.csproj]
/Users/mistial/Projects/Gp4Net/tests/Gp4Net.Tests/Protocol/Scp03TestVectors.cs(40,23): warning CS8618: Non-nullable property 'Name' must contain a non-null value when exiting constructor. Consider adding the 'required' modifier or declaring the property as nullable. [/Users/mistial/Projects/Gp4Net/tests/Gp4Net.Tests/Gp4Net.Tests.csproj]
/Users/mistial/Projects/Gp4Net/tests/Gp4Net.Tests/Protocol/Scp03TestVectors.cs(41,23): warning CS8618: Non-nullable property 'Description' must contain a non-null value when exiting constructor. Consider adding the 'required' modifier or declaring the property as nullable. [/Users/mistial/Projects/Gp4Net/tests/Gp4Net.Tests/Gp4Net.Tests.csproj]
/Users/mistial/Projects/Gp4Net/tests/Gp4Net.Tests/Protocol/Scp03TestVectors.cs(44,23): warning CS8618: Non-nullable property 'StaticKeyEnc' must contain a non-null value when exiting constructor. Consider adding the 'required' modifier or declaring the property as nullable. [/Users/mistial/Projects/Gp4Net/tests/Gp4Net.Tests/Gp4Net.Tests.csproj]
/Users/mistial/Projects/Gp4Net/tests/Gp4Net.Tests/Protocol/Scp03TestVectors.cs(45,23): warning CS8618: Non-nullable property 'StaticKeyMac' must contain a non-null value when exiting constructor. Consider adding the 'required' modifier or declaring the property as nullable. [/Users/mistial/Projects/Gp4Net/tests/Gp4Net.Tests/Gp4Net.Tests.csproj]
/Users/mistial/Projects/Gp4Net/tests/Gp4Net.Tests/Protocol/Scp03TestVectors.cs(46,23): warning CS8618: Non-nullable property 'StaticKeyDek' must contain a non-null value when exiting constructor. Consider adding the 'required' modifier or declaring the property as nullable. [/Users/mistial/Projects/Gp4Net/tests/Gp4Net.Tests/Gp4Net.Tests.csproj]
/Users/mistial/Projects/Gp4Net/tests/Gp4Net.Tests/Protocol/Scp03TestVectors.cs(49,23): warning CS8618: Non-nullable property 'HostChallenge' must contain a non-null value when exiting constructor. Consider adding the 'required' modifier or declaring the property as nullable. [/Users/mistial/Projects/Gp4Net/tests/Gp4Net.Tests/Gp4Net.Tests.csproj]
/Users/mistial/Projects/Gp4Net/tests/Gp4Net.Tests/Protocol/Scp03TestVectors.cs(50,23): warning CS8618: Non-nullable property 'CardChallenge' must contain a non-null value when exiting constructor. Consider adding the 'required' modifier or declaring the property as nullable. [/Users/mistial/Projects/Gp4Net/tests/Gp4Net.Tests/Gp4Net.Tests.csproj]
/Users/mistial/Projects/Gp4Net/tests/Gp4Net.Tests/Protocol/Scp03TestVectors.cs(53,23): warning CS8618: Non-nullable property 'ExpectedSEnc' must contain a non-null value when exiting constructor. Consider adding the 'required' modifier or declaring the property as nullable. [/Users/mistial/Projects/Gp4Net/tests/Gp4Net.Tests/Gp4Net.Tests.csproj]
/Users/mistial/Projects/Gp4Net/tests/Gp4Net.Tests/Protocol/Scp03TestVectors.cs(54,23): warning CS8618: Non-nullable property 'ExpectedSMac' must contain a non-null value when exiting constructor. Consider adding the 'required' modifier or declaring the property as nullable. [/Users/mistial/Projects/Gp4Net/tests/Gp4Net.Tests/Gp4Net.Tests.csproj]
/Users/mistial/Projects/Gp4Net/tests/Gp4Net.Tests/Protocol/Scp03TestVectors.cs(55,23): warning CS8618: Non-nullable property 'ExpectedSRMac' must contain a non-null value when exiting constructor. Consider adding the 'required' modifier or declaring the property as nullable. [/Users/mistial/Projects/Gp4Net/tests/Gp4Net.Tests/Gp4Net.Tests.csproj]
/Users/mistial/Projects/Gp4Net/tests/Gp4Net.Tests/Protocol/Scp03TestVectors.cs(58,23): warning CS8618: Non-nullable property 'ExpectedCardCryptogram' must contain a non-null value when exiting constructor. Consider adding the 'required' modifier or declaring the property as nullable. [/Users/mistial/Projects/Gp4Net/tests/Gp4Net.Tests/Gp4Net.Tests.csproj]
/Users/mistial/Projects/Gp4Net/tests/Gp4Net.Tests/Protocol/Scp03TestVectors.cs(59,23): warning CS8618: Non-nullable property 'ExpectedHostCryptogram' must contain a non-null value when exiting constructor. Consider adding the 'required' modifier or declaring the property as nullable. [/Users/mistial/Projects/Gp4Net/tests/Gp4Net.Tests/Gp4Net.Tests.csproj]
/Users/mistial/Projects/Gp4Net/tests/Gp4Net.Tests/Protocol/Scp03TestVectors.cs(62,38): warning CS8618: Non-nullable property 'CommandResponses' must contain a non-null value when exiting constructor. Consider adding the 'required' modifier or declaring the property as nullable. [/Users/mistial/Projects/Gp4Net/tests/Gp4Net.Tests/Gp4Net.Tests.csproj]
/Users/mistial/Projects/Gp4Net/tests/Gp4Net.Tests/Domain/Commands/ExternalAuthenticateCommandTests.cs(162,20): warning CS0618: 'ExternalAuthenticateCommand.GetApdu()' is obsolete: 'Use IApduTransport.TransmitAsync instead of manual APDU building' [/Users/mistial/Projects/Gp4Net/tests/Gp4Net.Tests/Gp4Net.Tests.csproj]
/Users/mistial/Projects/Gp4Net/tests/Gp4Net.Tests/Domain/Commands/ExternalAuthenticateCommandTests.cs(180,21): warning CS0618: 'ExternalAuthenticateCommand.GetApdu()' is obsolete: 'Use IApduTransport.TransmitAsync instead of manual APDU building' [/Users/mistial/Projects/Gp4Net/tests/Gp4Net.Tests/Gp4Net.Tests.csproj]
/Users/mistial/Projects/Gp4Net/tests/Gp4Net.Tests/Domain/Commands/ExternalAuthenticateCommandTests.cs(181,21): warning CS0618: 'ExternalAuthenticateCommand.GetApdu()' is obsolete: 'Use IApduTransport.TransmitAsync instead of manual APDU building' [/Users/mistial/Projects/Gp4Net/tests/Gp4Net.Tests/Gp4Net.Tests.csproj]
/Users/mistial/Projects/Gp4Net/tests/Gp4Net.Tests/Tool/Services/WsctCardServiceTests.cs(544,16): warning CS0219: The variable 'expectedSw' is assigned but its value is never used [/Users/mistial/Projects/Gp4Net/tests/Gp4Net.Tests/Gp4Net.Tests.csproj]
/Users/mistial/Projects/Gp4Net/tests/Gp4Net.Tests/Integration/CapLoadingIntegrationTests.cs(172,34): warning CS0618: 'InstallCommand.InstallForLoadCommand.ToApdu()' is obsolete: 'Use IApduTransport.TransmitAsync instead of manual APDU building' [/Users/mistial/Projects/Gp4Net/tests/Gp4Net.Tests/Gp4Net.Tests.csproj]
/Users/mistial/Projects/Gp4Net/tests/Gp4Net.Tests/Integration/CapLoadingIntegrationTests.cs(155,13): warning CS0219: The variable 'expectedInstallForLoadApdu' is assigned but its value is never used [/Users/mistial/Projects/Gp4Net/tests/Gp4Net.Tests/Gp4Net.Tests.csproj]
/Users/mistial/Projects/Gp4Net/tests/Gp4Net.Tests/Integration/CapLoadingIntegrationTests.cs(157,13): warning CS0219: The variable 'expectedFirstLoadPrefix' is assigned but its value is never used [/Users/mistial/Projects/Gp4Net/tests/Gp4Net.Tests/Gp4Net.Tests.csproj]
/Users/mistial/Projects/Gp4Net/tests/Gp4Net.Tests/Domain/Commands/SelectResponseTests.cs(301,9): warning CS8602: Dereference of a possibly null reference. [/Users/mistial/Projects/Gp4Net/tests/Gp4Net.Tests/Gp4Net.Tests.csproj]
/Users/mistial/Projects/Gp4Net/tests/Gp4Net.Tests/Domain/Commands/SelectResponseTests.cs(302,9): warning CS8602: Dereference of a possibly null reference. [/Users/mistial/Projects/Gp4Net/tests/Gp4Net.Tests/Gp4Net.Tests.csproj]
/Users/mistial/Projects/Gp4Net/tests/Gp4Net.Tests/Domain/Commands/SelectResponseTests.cs(303,9): warning CS8602: Dereference of a possibly null reference. [/Users/mistial/Projects/Gp4Net/tests/Gp4Net.Tests/Gp4Net.Tests.csproj]
/Users/mistial/Projects/Gp4Net/tests/Gp4Net.Tests/Domain/Commands/SelectResponseTests.cs(304,9): warning CS8602: Dereference of a possibly null reference. [/Users/mistial/Projects/Gp4Net/tests/Gp4Net.Tests/Gp4Net.Tests.csproj]
/Users/mistial/Projects/Gp4Net/tests/Gp4Net.Tests/Domain/Commands/SelectResponseTests.cs(305,9): warning CS8602: Dereference of a possibly null reference. [/Users/mistial/Projects/Gp4Net/tests/Gp4Net.Tests/Gp4Net.Tests.csproj]
/Users/mistial/Projects/Gp4Net/tests/Gp4Net.Tests/Domain/Commands/ExternalAuthenticateCommandTests.cs(224,20): warning CS0618: 'ExternalAuthenticateCommand.GetApdu()' is obsolete: 'Use IApduTransport.TransmitAsync instead of manual APDU building' [/Users/mistial/Projects/Gp4Net/tests/Gp4Net.Tests/Gp4Net.Tests.csproj]
/Users/mistial/Projects/Gp4Net/tests/Gp4Net.Tests/Domain/Commands/ExternalAuthenticateCommandTests.cs(254,24): warning CS0618: 'ExternalAuthenticateCommand.GetApdu()' is obsolete: 'Use IApduTransport.TransmitAsync instead of manual APDU building' [/Users/mistial/Projects/Gp4Net/tests/Gp4Net.Tests/Gp4Net.Tests.csproj]
/Users/mistial/Projects/Gp4Net/tests/Gp4Net.Tests/Domain/Commands/GetDataResponseExtensionsTests.cs(55,23): warning CS8600: Converting null literal or possible null value to non-nullable type. [/Users/mistial/Projects/Gp4Net/tests/Gp4Net.Tests/Gp4Net.Tests.csproj]
/Users/mistial/Projects/Gp4Net/tests/Gp4Net.Tests/Domain/Commands/GetDataResponseExtensionsTests.cs(108,23): warning CS8600: Converting null literal or possible null value to non-nullable type. [/Users/mistial/Projects/Gp4Net/tests/Gp4Net.Tests/Gp4Net.Tests.csproj]
/Users/mistial/Projects/Gp4Net/tests/Gp4Net.Tests/Domain/Commands/GetDataResponseExtensionsTests.cs(161,23): warning CS8600: Converting null literal or possible null value to non-nullable type. [/Users/mistial/Projects/Gp4Net/tests/Gp4Net.Tests/Gp4Net.Tests.csproj]
/Users/mistial/Projects/Gp4Net/tests/Gp4Net.Tests/Conformance/Scp03ConformanceTests.cs(38,39): warning CS8618: Non-nullable field '_cardServiceAdapter' must contain a non-null value when exiting constructor. Consider adding the 'required' modifier or declaring the field as nullable. [/Users/mistial/Projects/Gp4Net/tests/Gp4Net.Tests/Gp4Net.Tests.csproj]
/Users/mistial/Projects/Gp4Net/tests/Gp4Net.Tests/Integration/Scp03TraceTests.cs(143,13): warning CS0219: The variable 'commandCount' is assigned but its value is never used [/Users/mistial/Projects/Gp4Net/tests/Gp4Net.Tests/Gp4Net.Tests.csproj]
/Users/mistial/Projects/Gp4Net/tests/Gp4Net.Tests/Integration/Scp03TraceTests.cs(144,13): warning CS0219: The variable 'successCount' is assigned but its value is never used [/Users/mistial/Projects/Gp4Net/tests/Gp4Net.Tests/Gp4Net.Tests.csproj]
/Users/mistial/Projects/Gp4Net/tests/Gp4Net.Tests/Domain/Commands/SelectResponseTests.cs(115,9): warning CS8602: Dereference of a possibly null reference. [/Users/mistial/Projects/Gp4Net/tests/Gp4Net.Tests/Gp4Net.Tests.csproj]
/Users/mistial/Projects/Gp4Net/tests/Gp4Net.Tests/Tool/Services/WsctCardServiceTests.cs(25,29): warning CS8618: Non-nullable field '_service' must contain a non-null value when exiting constructor. Consider adding the 'required' modifier or declaring the field as nullable. [/Users/mistial/Projects/Gp4Net/tests/Gp4Net.Tests/Gp4Net.Tests.csproj]
/Users/mistial/Projects/Gp4Net/tests/Gp4Net.Tests/Domain/Commands/SelectResponseTests.cs(134,9): warning CS8602: Dereference of a possibly null reference. [/Users/mistial/Projects/Gp4Net/tests/Gp4Net.Tests/Gp4Net.Tests.csproj]
/Users/mistial/Projects/Gp4Net/tests/Gp4Net.Tests/Domain/Commands/GetDataResponseExtensionsTests.cs(218,23): warning CS8600: Converting null literal or possible null value to non-nullable type. [/Users/mistial/Projects/Gp4Net/tests/Gp4Net.Tests/Gp4Net.Tests.csproj]
/Users/mistial/Projects/Gp4Net/tests/Gp4Net.Tests/Domain/Commands/SelectResponseTests.cs(152,9): warning CS8602: Dereference of a possibly null reference. [/Users/mistial/Projects/Gp4Net/tests/Gp4Net.Tests/Gp4Net.Tests.csproj]
/Users/mistial/Projects/Gp4Net/tests/Gp4Net.Tests/Domain/Commands/SelectResponseTests.cs(170,9): warning CS8602: Dereference of a possibly null reference. [/Users/mistial/Projects/Gp4Net/tests/Gp4Net.Tests/Gp4Net.Tests.csproj]
/Users/mistial/Projects/Gp4Net/tests/Gp4Net.Tests/Domain/Commands/InitializeUpdateCommandTests.cs(52,20): warning CS0618: 'InitializeUpdateCommand.GetApdu()' is obsolete: 'Use IApduTransport.TransmitAsync instead of manual APDU building' [/Users/mistial/Projects/Gp4Net/tests/Gp4Net.Tests/Gp4Net.Tests.csproj]
/Users/mistial/Projects/Gp4Net/tests/Gp4Net.Tests/Domain/Commands/InitializeUpdateCommandTests.cs(73,24): warning CS0618: 'InitializeUpdateCommand.GetApdu()' is obsolete: 'Use IApduTransport.TransmitAsync instead of manual APDU building' [/Users/mistial/Projects/Gp4Net/tests/Gp4Net.Tests/Gp4Net.Tests.csproj]
/Users/mistial/Projects/Gp4Net/tests/Gp4Net.Tests/Domain/Commands/InitializeUpdateCommandTests.cs(89,24): warning CS0618: 'InitializeUpdateCommand.GetApdu()' is obsolete: 'Use IApduTransport.TransmitAsync instead of manual APDU building' [/Users/mistial/Projects/Gp4Net/tests/Gp4Net.Tests/Gp4Net.Tests.csproj]
/Users/mistial/Projects/Gp4Net/tests/Gp4Net.Tests/Domain/Commands/InitializeUpdateCommandTests.cs(103,20): warning CS0618: 'InitializeUpdateCommand.GetApdu()' is obsolete: 'Use IApduTransport.TransmitAsync instead of manual APDU building' [/Users/mistial/Projects/Gp4Net/tests/Gp4Net.Tests/Gp4Net.Tests.csproj]
/Users/mistial/Projects/Gp4Net/tests/Gp4Net.Tests/Domain/Commands/InitializeUpdateCommandTests.cs(114,21): warning CS0618: 'InitializeUpdateCommand.GetApdu()' is obsolete: 'Use IApduTransport.TransmitAsync instead of manual APDU building' [/Users/mistial/Projects/Gp4Net/tests/Gp4Net.Tests/Gp4Net.Tests.csproj]
/Users/mistial/Projects/Gp4Net/tests/Gp4Net.Tests/Domain/Commands/InitializeUpdateCommandTests.cs(115,21): warning CS0618: 'InitializeUpdateCommand.GetApdu()' is obsolete: 'Use IApduTransport.TransmitAsync instead of manual APDU building' [/Users/mistial/Projects/Gp4Net/tests/Gp4Net.Tests/Gp4Net.Tests.csproj]
/Users/mistial/Projects/Gp4Net/tests/Gp4Net.Tests/Domain/Commands/InitializeUpdateCommandTests.cs(148,20): warning CS0618: 'InitializeUpdateCommand.GetApdu()' is obsolete: 'Use IApduTransport.TransmitAsync instead of manual APDU building' [/Users/mistial/Projects/Gp4Net/tests/Gp4Net.Tests/Gp4Net.Tests.csproj]
/Users/mistial/Projects/Gp4Net/tests/Gp4Net.Tests/Domain/Commands/SelectCommandTests.cs(128,20): warning CS0618: 'SelectCommand.ToApdu()' is obsolete: 'Use IApduTransport.TransmitAsync instead of manual APDU building' [/Users/mistial/Projects/Gp4Net/tests/Gp4Net.Tests/Gp4Net.Tests.csproj]
/Users/mistial/Projects/Gp4Net/tests/Gp4Net.Tests/Domain/Commands/SelectCommandTests.cs(140,20): warning CS0618: 'SelectCommand.ToApdu()' is obsolete: 'Use IApduTransport.TransmitAsync instead of manual APDU building' [/Users/mistial/Projects/Gp4Net/tests/Gp4Net.Tests/Gp4Net.Tests.csproj]
/Users/mistial/Projects/Gp4Net/tests/Gp4Net.Tests/Domain/Commands/SelectCommandTests.cs(156,20): warning CS0618: 'SelectCommand.ToApdu()' is obsolete: 'Use IApduTransport.TransmitAsync instead of manual APDU building' [/Users/mistial/Projects/Gp4Net/tests/Gp4Net.Tests/Gp4Net.Tests.csproj]
/Users/mistial/Projects/Gp4Net/tests/Gp4Net.Tests/Domain/Commands/SelectCommandTests.cs(227,23): warning CS0618: 'SelectCommand.CreateEmptySelect(SelectCommand.FileControlInfo)' is obsolete: 'Use CreateForIssuerSecurityDomain() instead' [/Users/mistial/Projects/Gp4Net/tests/Gp4Net.Tests/Gp4Net.Tests.csproj]
/Users/mistial/Projects/Gp4Net/tests/Gp4Net.Tests/Domain/Commands/SelectCommandTests.cs(237,23): warning CS0618: 'SelectCommand.CreateEmptySelect(SelectCommand.FileControlInfo)' is obsolete: 'Use CreateForIssuerSecurityDomain() instead' [/Users/mistial/Projects/Gp4Net/tests/Gp4Net.Tests/Gp4Net.Tests.csproj]
/Users/mistial/Projects/Gp4Net/tests/Gp4Net.Tests/Domain/Commands/SelectCommandTests.cs(273,23): warning CS0618: 'SelectCommand.CreateEmptySelect(SelectCommand.FileControlInfo)' is obsolete: 'Use CreateForIssuerSecurityDomain() instead' [/Users/mistial/Projects/Gp4Net/tests/Gp4Net.Tests/Gp4Net.Tests.csproj]
/Users/mistial/Projects/Gp4Net/tests/Gp4Net.Tests/Domain/Commands/SelectCommandTests.cs(281,23): warning CS0618: 'SelectCommand.CreateEmptySelect(SelectCommand.FileControlInfo)' is obsolete: 'Use CreateForIssuerSecurityDomain() instead' [/Users/mistial/Projects/Gp4Net/tests/Gp4Net.Tests/Gp4Net.Tests.csproj]
/Users/mistial/Projects/Gp4Net/tests/Gp4Net.Tests/Domain/Commands/SelectCommandTests.cs(289,23): warning CS0618: 'SelectCommand.CreateEmptySelect(SelectCommand.FileControlInfo)' is obsolete: 'Use CreateForIssuerSecurityDomain() instead' [/Users/mistial/Projects/Gp4Net/tests/Gp4Net.Tests/Gp4Net.Tests.csproj]
/Users/mistial/Projects/Gp4Net/tests/Gp4Net.Tests/Domain/Commands/SelectCommandTests.cs(297,23): warning CS0618: 'SelectCommand.CreateEmptySelect(SelectCommand.FileControlInfo)' is obsolete: 'Use CreateForIssuerSecurityDomain() instead' [/Users/mistial/Projects/Gp4Net/tests/Gp4Net.Tests/Gp4Net.Tests.csproj]
/Users/mistial/Projects/Gp4Net/tests/Gp4Net.Tests/Domain/Commands/SelectCommandTests.cs(305,23): warning CS0618: 'SelectCommand.CreateEmptySelect(SelectCommand.FileControlInfo)' is obsolete: 'Use CreateForIssuerSecurityDomain() instead' [/Users/mistial/Projects/Gp4Net/tests/Gp4Net.Tests/Gp4Net.Tests.csproj]
/Users/mistial/Projects/Gp4Net/tests/Gp4Net.Tests/Domain/Commands/SelectCommandTests.cs(307,20): warning CS0618: 'SelectCommand.ToApdu()' is obsolete: 'Use IApduTransport.TransmitAsync instead of manual APDU building' [/Users/mistial/Projects/Gp4Net/tests/Gp4Net.Tests/Gp4Net.Tests.csproj]
/Users/mistial/Projects/Gp4Net/tests/Gp4Net.Tests/Domain/Commands/SelectCommandTests.cs(315,23): warning CS0618: 'SelectCommand.CreateEmptySelect(SelectCommand.FileControlInfo)' is obsolete: 'Use CreateForIssuerSecurityDomain() instead' [/Users/mistial/Projects/Gp4Net/tests/Gp4Net.Tests/Gp4Net.Tests.csproj]
/Users/mistial/Projects/Gp4Net/tests/Gp4Net.Tests/Domain/Commands/SelectCommandTests.cs(317,20): warning CS0618: 'SelectCommand.ToApdu()' is obsolete: 'Use IApduTransport.TransmitAsync instead of manual APDU building' [/Users/mistial/Projects/Gp4Net/tests/Gp4Net.Tests/Gp4Net.Tests.csproj]
/Users/mistial/Projects/Gp4Net/tests/Gp4Net.Tests/Domain/Commands/SelectCommandTests.cs(325,23): warning CS0618: 'SelectCommand.CreateEmptySelect(SelectCommand.FileControlInfo)' is obsolete: 'Use CreateForIssuerSecurityDomain() instead' [/Users/mistial/Projects/Gp4Net/tests/Gp4Net.Tests/Gp4Net.Tests.csproj]
/Users/mistial/Projects/Gp4Net/tests/Gp4Net.Tests/Domain/Commands/SelectCommandTests.cs(327,20): warning CS0618: 'SelectCommand.ToApdu()' is obsolete: 'Use IApduTransport.TransmitAsync instead of manual APDU building' [/Users/mistial/Projects/Gp4Net/tests/Gp4Net.Tests/Gp4Net.Tests.csproj]
/Users/mistial/Projects/Gp4Net/tests/Gp4Net.Tests/Domain/Commands/SelectCommandTests.cs(336,23): warning CS0618: 'SelectCommand.CreateEmptySelect(SelectCommand.FileControlInfo)' is obsolete: 'Use CreateForIssuerSecurityDomain() instead' [/Users/mistial/Projects/Gp4Net/tests/Gp4Net.Tests/Gp4Net.Tests.csproj]
/Users/mistial/Projects/Gp4Net/tests/Gp4Net.Tests/Domain/Commands/SelectCommandTests.cs(342,29): warning CS0618: 'SelectCommand.CreateEmptySelect(SelectCommand.FileControlInfo)' is obsolete: 'Use CreateForIssuerSecurityDomain() instead' [/Users/mistial/Projects/Gp4Net/tests/Gp4Net.Tests/Gp4Net.Tests.csproj]
/Users/mistial/Projects/Gp4Net/tests/Gp4Net.Tests/Domain/Commands/SelectCommandTests.cs(344,20): warning CS0618: 'SelectCommand.ToApdu()' is obsolete: 'Use IApduTransport.TransmitAsync instead of manual APDU building' [/Users/mistial/Projects/Gp4Net/tests/Gp4Net.Tests/Gp4Net.Tests.csproj]
/Users/mistial/Projects/Gp4Net/tests/Gp4Net.Tests/Domain/Commands/SelectCommandTests.cs(362,27): warning CS0618: 'SelectCommand.CreateEmptySelect(SelectCommand.FileControlInfo)' is obsolete: 'Use CreateForIssuerSecurityDomain() instead' [/Users/mistial/Projects/Gp4Net/tests/Gp4Net.Tests/Gp4Net.Tests.csproj]
/Users/mistial/Projects/Gp4Net/tests/Gp4Net.Tests/Domain/Commands/InstallCommandTests.cs(179,20): warning CS0618: 'InstallCommand.InstallForLoadCommand.ToApdu()' is obsolete: 'Use IApduTransport.TransmitAsync instead of manual APDU building' [/Users/mistial/Projects/Gp4Net/tests/Gp4Net.Tests/Gp4Net.Tests.csproj]
/Users/mistial/Projects/Gp4Net/tests/Gp4Net.Tests/Domain/Commands/LoadCommandTests.cs(182,52): warning CS8600: Converting null literal or possible null value to non-nullable type. [/Users/mistial/Projects/Gp4Net/tests/Gp4Net.Tests/Gp4Net.Tests.csproj]
/Users/mistial/Projects/Gp4Net/tests/Gp4Net.Tests/Domain/Commands/SelectCommandAutoDetectionTests.cs(36,20): warning CS0618: 'SelectCommand.ToApdu()' is obsolete: 'Use IApduTransport.TransmitAsync instead of manual APDU building' [/Users/mistial/Projects/Gp4Net/tests/Gp4Net.Tests/Gp4Net.Tests.csproj]
/Users/mistial/Projects/Gp4Net/tests/Gp4Net.Tests/Domain/Commands/SelectCommandAutoDetectionTests.cs(105,29): warning CS8604: Possible null reference argument for parameter 'inArray' in 'string Convert.ToHexString(byte[] inArray)'. [/Users/mistial/Projects/Gp4Net/tests/Gp4Net.Tests/Gp4Net.Tests.csproj]
/Users/mistial/Projects/Gp4Net/tests/Gp4Net.Tests/Integration/Scp03TraceTests.cs(158,21): warning NUnit2007: The actual value should not be a constant - perhaps the actual value and the expected value have switched places (https://github.com/nunit/nunit.analyzers/tree/master/documentation/NUnit2007.md) [/Users/mistial/Projects/Gp4Net/tests/Gp4Net.Tests/Gp4Net.Tests.csproj]
    562 Warning(s)
    0 Error(s)

Time Elapsed 00:00:04.57
